topic,filename,year,pages,size_mb,has_title,has_author,metadata_score,title,author,keywords
00_Core_References,2008 - doi10.1016j.jep.2008.07.043.pdf,2008,12,1.5,True,False,1,doi:10.1016/j.jep.2008.07.043,,
00_Core_References,2018 - Echinocystis lobata 37 réf SciFInder au 2018 12 03.pdf,2018,11,0.04,False,False,0,,,
00_Core_References,2018 - Manganyi - Phylogenetic analysis and diversity of novel endophytic fungi isolated from m....pdf,2018,8,1.76,True,True,4,Phylogenetic analysis and diversity of novel endophytic fungi isolated from medicinal plant Sceletium tortuosum,Madira Coutlyne Manganyi,Diversity; Endophytic fungi; Novel; Elongation factor; Phylogenetic;
00_Core_References,2018 - Ranunculus sceleratus 110 réf dont 6 de Medline seul et 5 communes Sci FInde....pdf,2018,34,0.12,False,False,0,,,
00_Core_References,2018 - Ranunculus sceleratus 128 brevets SciFinder au 2018 12 03.pdf,2018,37,0.1,False,False,0,,,
00_Core_References,2018 - Sandasi - Non-destructive quality assessment of herbal tea blends using hyperspectral i....pdf,2018,8,0.9,True,True,4,Non-destructive quality assessment of herbal tea blends using hyperspectral imaging,Maxleene Sandasi,Cyclopia genistoides; Sceletium tortuosum; Herbal tea; Hyperspectral imaging; Chemometrics; Quality control
00_Core_References,2018 - Sceletium tortuosum 44 réf SciFinder au 2018 12 03.pdf,2018,17,0.06,False,False,0,,,
00_Core_References,"2018 - Veale - NMR structural elucidation of channaine, an unusual alkaloid from Sceletium t....pdf",2018,5,0.37,True,True,4,"NMR structural elucidation of channaine, an unusual alkaloid from Sceletium tortuosum",Clinton G.L. Veale,Channaine; Sceletium; Alkaloids
00_Core_References,"2019 - Yin - Sceletorines A and B, two minor novel dimeric alkaloids of Mesembryanthemum t....pdf",2019,7,3.35,True,True,4,"Sceletorines A and B, two minor novel dimeric alkaloids of Mesembryanthemum tortuosum (synonym Sceletium tortuosum)",Hongquan Yin,Mesembryanthemum tortuosum; Sceletium tortuosum; Sceletorine; Alkaloids; Absolute configuration; Structure elucidation; NMR;
01_Sceletium_Pharmacology,2000 - HARTMANN 2000.pdf,2000,260,45.48,False,False,0,,,
01_Sceletium_Pharmacology,2003 - 1098 J.C.S. Perkin I1.pdf,2003,7,1.0,False,False,0,,,
01_Sceletium_Pharmacology,2003 - Capps et al.   1977   1098 J.C.S. Perkin II Sceletium Alkaloids. Part 7.1 Str....pdf,2003,7,1.21,False,False,0,,,
01_Sceletium_Pharmacology,2003 - Capps et al.   1977   Sceletium alkaloids. Part 7. Structure and absolut 1.pdf,2003,7,1.0,False,False,0,,,
01_Sceletium_Pharmacology,2003 - Capps et al.   1977   Sceletium alkaloids. Part 7. Structure and absolut.pdf,2003,7,1.0,False,False,0,,,
01_Sceletium_Pharmacology,2004 - Group - World Bank Document.pdf,2004,282,1.8,True,True,3,World Bank Document,World Bank Group,
01_Sceletium_Pharmacology,2005 - hki045 439..458.pdf,2005,19,0.14,True,False,1,hki045 439..458,,
01_Sceletium_Pharmacology,2005 - hki045 439..458_1.pdf,2005,19,0.18,True,False,1,hki045 439..458,,
01_Sceletium_Pharmacology,2007 - 06_Low.indd.pdf,2007,30,0.3,True,False,1,06_Low.indd,,
01_Sceletium_Pharmacology,2007 - Martorell et Ezcurra   2007   The narrow leaf syndrome a functional and evolu....pdf,2007,13,0.39,False,False,0,,,
01_Sceletium_Pharmacology,2008 - doi10.1016S0079-6123(08)00919-9.pdf,2008,22,0.7,True,False,1,doi:10.1016/S0079-6123(08)00919-9,,
01_Sceletium_Pharmacology,2008 - doi10.1016S0079-6123(08)00919-9_1.pdf,2008,22,0.81,True,False,1,doi:10.1016/S0079-6123(08)00919-9,,
01_Sceletium_Pharmacology,2008 - doi10.1016j.jep.2008.05.029.pdf,2008,14,1.52,True,False,1,doi:10.1016/j.jep.2008.05.029,,
01_Sceletium_Pharmacology,2008 - doi10.1016j.jep.2008.05.029_1.pdf,2008,14,1.56,True,False,1,doi:10.1016/j.jep.2008.05.029,,
01_Sceletium_Pharmacology,2008 - doi10.1016j.jep.2008.07.043.pdf,2008,11,1.43,True,False,1,doi:10.1016/j.jep.2008.07.043,,
01_Sceletium_Pharmacology,2008 - doi10.1016j.jep.2008.07.043_1.pdf,2008,11,1.5,True,False,1,doi:10.1016/j.jep.2008.07.043,,
01_Sceletium_Pharmacology,2008 - doi10.1016j.jep.2008.08.010.pdf,2008,25,0.59,True,False,1,doi:10.1016/j.jep.2008.08.010,,
01_Sceletium_Pharmacology,2008 - doi10.1016j.jep.2008.08.010_1.pdf,2008,25,0.66,True,False,1,doi:10.1016/j.jep.2008.08.010,,
01_Sceletium_Pharmacology,2009 - Morris 2009.pdf,2009,11,0.47,False,False,0,,,
01_Sceletium_Pharmacology,2010 - Journal of HIGH.pdf,2010,17,1.83,False,False,0,,,
01_Sceletium_Pharmacology,2010 - Organized_Chaos - Microsoft Word - format.doc.pdf,2010,13,0.27,True,True,2,Microsoft Word - format.doc,Organized_Chaos,
01_Sceletium_Pharmacology,2010 - Organized_Chaos - Microsoft Word - format.doc_1.pdf,2010,13,0.34,True,True,2,Microsoft Word - format.doc,Organized_Chaos,
01_Sceletium_Pharmacology,2010 - Schultes   1970   The Botanical and Chemical Distribution of Halluci 1.pdf,2010,17,1.82,False,False,0,,,
01_Sceletium_Pharmacology,2010 - Schultes   1970   The Botanical and Chemical Distribution of Halluci.pdf,2010,17,1.82,False,False,0,,,
01_Sceletium_Pharmacology,2010 - Schultes   1970   The Botanical and Chemical Distribution of Hallucinogens.pdf,2010,17,1.95,False,False,0,,,
01_Sceletium_Pharmacology,2010 - Smith - effects of Sceletium tortuosum in an in vivo model of psychological stress.pdf,2010,6,0.38,True,True,3,The effects of Sceletium tortuosum in an in vivo model of psychological stress,C. Smith,
01_Sceletium_Pharmacology,2010 - Smith - effects of Sceletium tortuosum in an in vivo model of psychological stress_1.pdf,2010,6,0.43,True,True,3,The effects of Sceletium tortuosum in an in vivo model of psychological stress,C. Smith,
01_Sceletium_Pharmacology,2011 - Harvey - Pharmacological actions of the South African medicinal and functional food pl....pdf,2011,6,0.34,True,True,3,Pharmacological actions of the South African medicinal and functional food plant Sceletium tortuosum and its principal alkaloids,Alan L. Harvey,
01_Sceletium_Pharmacology,2011 - Harvey - Pharmacological actions of the South African medicinal and functional food pl..._1.pdf,2011,6,0.39,True,True,3,Pharmacological actions of the South African medicinal and functional food plant Sceletium tortuosum and its principal alkaloids,Alan L. Harvey,
01_Sceletium_Pharmacology,2011 - Wyk - potential of South African plants in the development of new medicinal products.pdf,2011,18,3.11,True,True,4,The potential of South African plants in the development of new medicinal products,B.-E. Van Wyk,Botanical diversity;  Commercial potential;  Commercial products;  Herbal medicine;  History;  New products;  Research and development
01_Sceletium_Pharmacology,2011 - potential of South African plants in the development of new medicinal products.pdf,2011,18,3.05,True,False,1,The potential of South African plants in the development of new medicinal products,,
01_Sceletium_Pharmacology,2011 - potential of South African plants in the development of new medicinal products_1.pdf,2011,18,3.33,True,False,1,The potential of South African plants in the development of new medicinal products,,
01_Sceletium_Pharmacology,2012 - In Vitro Permeation of Mesembrine Alkaloids fr.pdf,2012,10,0.26,False,False,0,,,
01_Sceletium_Pharmacology,2012 - Shikanga - chemotypic variation of Sceletium tortuosum alkaloids and commercial product ....pdf,2012,10,0.45,True,True,3,The chemotypic variation of Sceletium tortuosum alkaloids and commercial product formulations,Emmanuel Amukohe Shikanga; Alvaro M. Viljoen; Sandra Combrinck; Andrew Marston; Nigel Gericke,
01_Sceletium_Pharmacology,2012 - Shikanga - chemotypic variation of Sceletium tortuosum alkaloids and commercial product ..._1.pdf,2012,10,0.48,True,True,3,The chemotypic variation of Sceletium tortuosum alkaloids and commercial product formulations,Emmanuel Amukohe Shikanga; Alvaro M. Viljoen; Sandra Combrinck; Andrew Marston; Nigel Gericke,
01_Sceletium_Pharmacology,2012 - pmV0623 260..268.pdf,2012,10,0.25,True,False,1,pmV0623 260..268,,
01_Sceletium_Pharmacology,2012 - pmV0623 260..268_1.pdf,2012,10,0.32,True,False,1,pmV0623 260..268,,
01_Sceletium_Pharmacology,2013 - Learning to forget  manipulating extinction an.pdf,2013,21,0.32,False,False,0,,,
01_Sceletium_Pharmacology,2013 - Patnala 2013 Chemotaxonomic studies of mesembr.pdf,2013,5,0.75,False,False,0,,,
01_Sceletium_Pharmacology,2013 - Patnala and Kanfer   2013   Chemotaxonomic studies of mesembrine type alkaloid 1.pdf,2013,5,0.79,False,False,0,,,
01_Sceletium_Pharmacology,2013 - Patnala and Kanfer   2013   Chemotaxonomic studies of mesembrine type alkaloid 2.pdf,2013,5,0.79,False,False,0,,,
01_Sceletium_Pharmacology,2013 - Patnala and Kanfer   2013   Chemotaxonomic studies of mesembrine type alkaloid.pdf,2013,5,0.79,False,False,0,,,
01_Sceletium_Pharmacology,2013 - Patnala et Kanfer   2013   Chemotaxonomic studies of mesembrine type alkaloid....pdf,2013,5,0.91,False,False,0,,,
01_Sceletium_Pharmacology,2013 - Shyam - UCreview.pdf,2013,7,0.44,False,True,1,,Dr Shyam,
01_Sceletium_Pharmacology,2013 - Torregrossa and Taylor   2013   Learning to forget manipulating extinction an....pdf,2013,14,0.27,False,False,0,,,
01_Sceletium_Pharmacology,2013 - Torregrossa and Taylor   2013   Learning to forget manipulating extinction an..._1.pdf,2013,14,0.27,False,False,0,,,
01_Sceletium_Pharmacology,2013 - Torregrossa et Taylor   2013   Learning to forget manipulating extinction and....pdf,2013,14,0.36,False,False,0,,,
01_Sceletium_Pharmacology,2013 - e3a96035 9753 40de a666 8a92a5c6216b.pdf,2013,14,0.28,False,False,0,,,
01_Sceletium_Pharmacology,2014 - Administrator - S-EM-8-2-165-14-272-Sobiecki-J-F-Tx[7].pmd.pdf,2014,9,0.09,True,True,2,S-EM-8-2-165-14-272-Sobiecki-J-F-Tx[7].pmd,Administrator,
01_Sceletium_Pharmacology,2014 - Administrator - S-EM-8-2-165-14-272-Sobiecki-J-F-Tx[7].pmd_1.pdf,2014,9,0.13,True,True,2,S-EM-8-2-165-14-272-Sobiecki-J-F-Tx[7].pmd,Administrator,
01_Sceletium_Pharmacology,"2014 - GC MS, LC MS(n), LC high resolution MS(n), and.pdf",2014,18,0.95,False,False,0,,,
01_Sceletium_Pharmacology,"2014 - Meyer et al.   2015   GC MS, LC MSn, LC high resolution MSn, and NMR stu 1.pdf",2014,18,0.93,False,False,0,,,
01_Sceletium_Pharmacology,"2014 - Meyer et al.   2015   GC MS, LC MSn, LC high resolution MSn, and NMR stu.pdf",2014,18,0.93,False,False,0,,,
01_Sceletium_Pharmacology,"2014 - Meyer et al.   2015   GC MS, LC MSn, LC high resolution MSn, and NMR studies ....pdf",2014,18,1.05,False,False,0,,,
01_Sceletium_Pharmacology,"2014 - Meyer et al.   2015   GC MS, LC MSn, LC high resolution MSn, and NMR studies ..._1.pdf",2014,18,1.05,False,False,0,,,
01_Sceletium_Pharmacology,2014 - Murbach - toxicological safety assessment of a standardized extract of Sceletium tortuo....pdf,2014,10,0.24,True,True,4,A toxicological safety assessment of a standardized extract of Sceletium tortuosum (Zembrin®) in rats,Timothy S. Murbach,Sceletium tortuosum; Safety assessment; Toxicity; Zembrin; Stress; Anxiolytic
01_Sceletium_Pharmacology,2014 - Murbach - toxicological safety assessment of a standardized extract of Sceletium tortuo..._1.pdf,2014,10,0.29,True,True,4,A toxicological safety assessment of a standardized extract of Sceletium tortuosum (Zembrin®) in rats,Timothy S. Murbach,Sceletium tortuosum; Safety assessment; Toxicity; Zembrin; Stress; Anxiolytic
01_Sceletium_Pharmacology,"2014 - Swart and Smith   2016   Modulation of glucocorticoid, mineralocorticoid an 1.pdf",2014,18,0.93,False,False,0,,,
01_Sceletium_Pharmacology,"2014 - Swart and Smith   2016   Modulation of glucocorticoid, mineralocorticoid an.pdf",2014,18,0.93,False,False,0,,,
01_Sceletium_Pharmacology,2015 - 133c4148 299a 4b10 9bbb ab0c5df8102c.pdf,2015,34,2.62,False,False,0,,,
01_Sceletium_Pharmacology,2015 - 2bbc572e bdcb 4ebb 9f67 22fd35aa92fe.pdf,2015,10,1.61,False,False,0,,,
01_Sceletium_Pharmacology,2015 - Coetzee - High-mesembrine Sceletium extract (Trimesemine) is a monoamine releasing age....pdf,2015,6,0.6,True,True,4,"High-mesembrine Sceletium extract (Trimesemine"") is a monoamine releasing agent, rather than only a selective serotonin reuptake inhibitor",Dirk D. Coetzee,Sceletium tortuosum; Alkaloid; Alternative medicine; Depression; Anxiolytic; Stress
01_Sceletium_Pharmacology,2015 - Coetzee - High-mesembrine Sceletium extract (Trimesemine) is a monoamine releasing age..._1.pdf,2015,6,0.64,True,True,4,"High-mesembrine Sceletium extract (Trimesemine"") is a monoamine releasing agent, rather than only a selective serotonin reuptake inhibitor",Dirk D. Coetzee,Sceletium tortuosum; Alkaloid; Alternative medicine; Depression; Anxiolytic; Stress
01_Sceletium_Pharmacology,2015 - Coetzee - High-mesembrine Sceletium extract (Trimesemine™) is a monoamine releasing age....pdf,2015,6,0.65,True,True,4,"High-mesembrine Sceletium extract (Trimesemine™) is a monoamine releasing agent, rather than only a selective serotonin reuptake inhibitor",Dirk D. Coetzee,Sceletium tortuosum; Alkaloid; Alternative medicine; Depression; Anxiolytic; Stress
01_Sceletium_Pharmacology,2015 - Dimpfel - Electropharmacogram of Sceletium tortuosum extract based on spectral local fi....pdf,2015,8,1.78,True,True,4,Electropharmacogram of Sceletium tortuosum extract based on spectral local field power in conscious freely moving rats,Wilfried Dimpfel,Rat; Local field potential; Spectral EEG signature; Electropharmacogram; Sceletium tortuosum; Zembrin®; Rolipram; PDE4 inhibitor
01_Sceletium_Pharmacology,2015 - Dimpfel - Electropharmacogram of Sceletium tortuosum extract based on spectral local fi..._1.pdf,2015,8,1.86,True,True,4,Electropharmacogram of Sceletium tortuosum extract based on spectral local field power in conscious freely moving rats,Wilfried Dimpfel,Rat; Local field potential; Spectral EEG signature; Electropharmacogram; Sceletium tortuosum; Zembrin®; Rolipram; PDE4 inhibitor
01_Sceletium_Pharmacology,2015 - Novel psychoactive substances of interest for psychiatry.pdf,2015,12,0.14,True,False,1,Novel psychoactive substances of interest for psychiatry,,
01_Sceletium_Pharmacology,2015 - Novel psychoactive substances of interest for psychiatry_1.pdf,2015,12,0.17,True,False,1,Novel psychoactive substances of interest for psychiatry,,
01_Sceletium_Pharmacology,2015 - Pickard - Alternative models of addiction.pdf,2015,2,0.25,True,True,3,Alternative models of addiction,Hanna Pickard,"drugs, addiction, disease, choice, compulsion, self-control, substance abuse, substance dependence"
01_Sceletium_Pharmacology,2015 - Pickard - Alternative models of addiction_1.pdf,2015,2,0.26,True,True,3,Alternative models of addiction,Hanna Pickard,"drugs, addiction, disease, choice, compulsion, self-control, substance abuse, substance dependence"
01_Sceletium_Pharmacology,2015 - wemyss - Chiu et Raheb   2015   Exploring Zembrin Extract Derived from South African P....pdf,2015,20,0.77,False,True,1,,wemyss,
01_Sceletium_Pharmacology,2016 - Kapewangolo - Sceletium tortuosum demonstrates in vitro anti-HIV and free radical scavengin....pdf,2016,4,0.26,True,True,4,Sceletium tortuosum demonstrates in vitro anti-HIV and free radical scavenging activity,P. Kapewangolo,Sceletium tortuosum;  Anti-HIV;  Radical scavenging;  Phytochemicals
01_Sceletium_Pharmacology,"2016 - Krstenansky - Mesembrine alkaloids_ Review of their occurrence, chemistry, and pharmacology.pdf",2016,10,0.61,True,True,4,"Mesembrine alkaloids_ Review of their occurrence, chemistry, and pharmacology",John L. Krstenansky,Sceletium tortuosum; Alkaloid; Mesembrine; Mesembrenone; Pharmacology; Ethnopharmacology
01_Sceletium_Pharmacology,"2016 - Krstenansky - Mesembrine alkaloids_ Review of their occurrence, chemistry, and pharmacology_1.pdf",2016,10,0.67,True,True,4,"Mesembrine alkaloids_ Review of their occurrence, chemistry, and pharmacology",John L. Krstenansky,Sceletium tortuosum; Alkaloid; Mesembrine; Mesembrenone; Pharmacology; Ethnopharmacology
01_Sceletium_Pharmacology,2016 - Sceletium tortuosum demonstrates in vitro anti-HIV and free radical scavengin....pdf,2016,4,0.24,True,False,1,Sceletium tortuosum demonstrates in vitro anti-HIV and free radical scavenging activity,,
01_Sceletium_Pharmacology,2016 - Sceletium tortuosum demonstrates in vitro anti-HIV and free radical scavengin..._1.pdf,2016,4,0.26,True,False,1,Sceletium tortuosum demonstrates in vitro anti-HIV and free radical scavenging activity,,
01_Sceletium_Pharmacology,"2017 - Lewis - Addiction and the Brain Development, Not Disease.pdf",2017,12,0.33,True,True,4,"Addiction and the Brain: Development, Not Disease",Marc Lewis,"Addiction,Disease model,Learning,Development,Neuroplasticity,Self-organization,Delay discounting"
01_Sceletium_Pharmacology,"2017 - Lewis - Addiction and the Brain Development, Not Disease_1.pdf",2017,12,0.42,True,True,4,"Addiction and the Brain: Development, Not Disease",Marc Lewis,"Addiction,Disease model,Learning,Development,Neuroplasticity,Self-organization,Delay discounting"
01_Sceletium_Pharmacology,2017 - Manda - Quantification of mesembrine and mesembrenone in mouse plasma using UHPLCQTo....pdf,2017,7,2.19,True,True,4,Quantification of mesembrine and mesembrenone in mouse plasma using UHPLCQToFMS: Application to a pharmacokinetic study,"Vamshi K. Manda, Bharathi Avula, Mohammad K. Ashfaq, Naohito Abe, Ikhlas A. Khan, Shabana I. Khan",10.1002/bmc.3815 and mesembrenone; mesembrine; mouse plasma; pharmacokinetics; Sceletium tortuosum; UHPLC- QToF-MS
01_Sceletium_Pharmacology,2017 - Manda - Quantification of mesembrine and mesembrenone in mouse plasma using UHPLCQTo..._1.pdf,2017,7,2.19,True,True,4,Quantification of mesembrine and mesembrenone in mouse plasma using UHPLCQToFMS: Application to a pharmacokinetic study,"Vamshi K. Manda, Bharathi Avula, Mohammad K. Ashfaq, Naohito Abe, Ikhlas A. Khan, Shabana I. Khan",10.1002/bmc.3815 and mesembrenone; mesembrine; mouse plasma; pharmacokinetics; Sceletium tortuosum; UHPLC- QToF-MS
01_Sceletium_Pharmacology,2017 - Manda - Quantification of mesembrine and mesembrenone in mouse plasma using UHPLC QTo....pdf,2017,7,9.21,True,True,4,Quantification of mesembrine and mesembrenone in mouse plasma using UHPLC QToF MS: Application to a pharmacokinetic study,"Vamshi K. Manda, Bharathi Avula, Mohammad K. Ashfaq, Naohito Abe, Ikhlas A. Khan, Shabana I. Khan",10.1002/bmc.3815 and mesembrenone; mesembrine; mouse plasma; pharmacokinetics; Sceletium tortuosum; UHPLC- QToF-MS
01_Sceletium_Pharmacology,2017 - Manda - Quantification of mesembrine and mesembrenone in mouse plasma using UHPLC‐QTo....pdf,2017,7,2.44,True,True,4,Quantification of mesembrine and mesembrenone in mouse plasma using UHPLC‐QToF‐MS: Application to a pharmacokinetic study,"Vamshi K. Manda, Bharathi Avula, Mohammad K. Ashfaq, Naohito Abe, Ikhlas A. Khan, Shabana I. Khan",10.1002/bmc.3815 and mesembrenone; mesembrine; mouse plasma; pharmacokinetics; Sceletium tortuosum; UHPLC- QToF-MS
01_Sceletium_Pharmacology,2018 - Bennett - Immunomodulatory effects of Sceletium tortuosum (Trimesemine) elucidated in ....pdf,2018,7,0.37,True,True,4,"Immunomodulatory effects of Sceletium tortuosum (Trimesemine"") elucidated in vitro_ Implications for chronic disease",Amber C. Bennett,Sceletium tortuosum; Alternative medicine; Anti-inflammatory; Cytokine; Monocyte; LPS
01_Sceletium_Pharmacology,2018 - Bennett - Immunomodulatory effects of Sceletium tortuosum (Trimesemine) elucidated in ..._1.pdf,2018,7,0.42,True,True,4,"Immunomodulatory effects of Sceletium tortuosum (Trimesemine"") elucidated in vitro_ Implications for chronic disease",Amber C. Bennett,Sceletium tortuosum; Alternative medicine; Anti-inflammatory; Cytokine; Monocyte; LPS
01_Sceletium_Pharmacology,2018 - Bennett - Immunomodulatory effects of Sceletium tortuosum (Trimesemine™) elucidated in ....pdf,2018,7,0.38,True,True,4,Immunomodulatory effects of Sceletium tortuosum (Trimesemine™) elucidated in vitro_ Implications for chronic disease,Amber C. Bennett,Sceletium tortuosum; Alternative medicine; Anti-inflammatory; Cytokine; Monocyte; LPS
01_Sceletium_Pharmacology,2018 - Bennett - Sceletium tortuosum may delay chronic disease progression via alkaloid-depend....pdf,2018,9,1.63,True,True,4,Sceletium tortuosum may delay chronic disease progression via alkaloid-dependent antioxidant or anti-inflammatory action,A.C. Bennett,"Diabetes,Neuroinflammation,Oxidative stress,Astrocytes,Inflammation,Type 3 diabetes"
01_Sceletium_Pharmacology,2018 - Bennett - Sceletium tortuosum may delay chronic disease progression via alkaloid-depend..._1.pdf,2018,9,1.72,True,True,4,Sceletium tortuosum may delay chronic disease progression via alkaloid-dependent antioxidant or anti-inflammatory action,A.C. Bennett,"Diabetes,Neuroinflammation,Oxidative stress,Astrocytes,Inflammation,Type 3 diabetes"
01_Sceletium_Pharmacology,2018 - Dimpfel - Effect of Zembrin® and four of its alkaloid constituents on electric excitabi....pdf,2018,7,0.98,True,True,4,Effect of Zembrin® and four of its alkaloid constituents on electric excitability of the rat hippocampus,Wilfried Dimpfel,Reverse pharmacology; Sceletium tortuosum; Zembrin®; Sceletium alkaloids; Rat; Hippocampus slice; Population spike; AMPA receptor; Epilepsy;
01_Sceletium_Pharmacology,2018 - Dimpfel - Effect of Zembrin® and four of its alkaloid constituents on electric excitabi..._1.pdf,2018,7,1.02,True,True,4,Effect of Zembrin® and four of its alkaloid constituents on electric excitability of the rat hippocampus,Wilfried Dimpfel,Reverse pharmacology; Sceletium tortuosum; Zembrin®; Sceletium alkaloids; Rat; Hippocampus slice; Population spike; AMPA receptor; Epilepsy;
01_Sceletium_Pharmacology,2018 - ESPD50NigelGerickepaper.pdf.pdf,2018,29,0.73,True,False,1,ESPD50NigelGerickepaper.pdf,,
01_Sceletium_Pharmacology,2018 - ESPD50NigelGerickepaper.pdf_1.pdf,2018,29,0.77,True,False,1,ESPD50NigelGerickepaper.pdf,,
01_Sceletium_Pharmacology,2018 - Koob - Neurobiology of addiction a neurocircuitry analysis.pdf,2018,28,0.85,True,True,2,Neurobiology of addiction: a neurocircuitry analysis,"George F Koob, Nora D Volkow",
01_Sceletium_Pharmacology,2018 - Koob - Neurobiology of addiction a neurocircuitry analysis_1.pdf,2018,28,1.07,True,True,2,Neurobiology of addiction: a neurocircuitry analysis,"George F Koob, Nora D Volkow",
01_Sceletium_Pharmacology,2018 - Nordling   2018   How decolonization could reshape South African sci 1.pdf,2018,4,0.91,False,False,0,,,
01_Sceletium_Pharmacology,2018 - Nordling   2018   How decolonization could reshape South African sci.pdf,2018,4,0.91,False,False,0,,,
01_Sceletium_Pharmacology,2018 - Nordling 2018.pdf,2018,4,0.98,False,False,0,,,
01_Sceletium_Pharmacology,2018 - Nordling How decolonization could reshape South African sci.pdf,2018,4,0.98,False,False,0,,,
01_Sceletium_Pharmacology,2018 - Zembe Mkabile   SAMANTHA REINDERS FOR NATURE 1.pdf,2018,4,0.91,False,False,0,,,
01_Sceletium_Pharmacology,2018 - Zembe Mkabile   SAMANTHA REINDERS FOR NATURE.pdf,2018,4,0.91,False,False,0,,,
01_Sceletium_Pharmacology,2018 - nordling2018.pdf,2018,4,0.95,False,False,0,,,
01_Sceletium_Pharmacology,2019 - Chen - To ferment or not to ferment Sceletium tortuosum - Do our ancestors hold the ....pdf,2019,4,0.96,True,True,4,To ferment or not to ferment Sceletium tortuosum - Do our ancestors hold the answer?,W. Chen,Sceletium tortuosum;  UPLC-MS;  Fermentation;  Mesembrine alkaloids
01_Sceletium_Pharmacology,2019 - Druart - Emerging Roles of Complement in Psychiatric Disorders.pdf,2019,13,1.53,True,True,4,Emerging Roles of Complement in Psychiatric Disorders,Mélanie Druart,"brain development, schizophrenia, synapse elimination, synaptic pruning, microglia"
01_Sceletium_Pharmacology,2019 - Druart - Emerging Roles of Complement in Psychiatric Disorders_1.pdf,2019,13,1.94,True,True,4,Emerging Roles of Complement in Psychiatric Disorders,Mélanie Druart,"brain development, schizophrenia, synapse elimination, synaptic pruning, microglia"
01_Sceletium_Pharmacology,2019 - Hofford - Neuroimmune mechanisms of psychostimulant and opioid use disorders.pdf,2019,27,0.58,True,True,3,Neuroimmune mechanisms of psychostimulant and opioid use disorders,"Rebecca S. Hofford, Scott J. Russo, Drew D. Kiraly","addiction, immune effects of drugs of abuse, inflammation, microbiome"
01_Sceletium_Pharmacology,2019 - Hofford - Neuroimmune mechanisms of psychostimulant and opioid use disorders_1.pdf,2019,27,0.72,True,True,3,Neuroimmune mechanisms of psychostimulant and opioid use disorders,"Rebecca S. Hofford, Scott J. Russo, Drew D. Kiraly","addiction, immune effects of drugs of abuse, inflammation, microbiome"
01_Sceletium_Pharmacology,2019 - Koob - Neurocircuitry of Addiction.pdf,2019,22,2.65,True,True,3,Neurocircuitry of Addiction,George F Koob,
01_Sceletium_Pharmacology,2019 - Makolo - Mesembrine_ The archetypal psycho-active Sceletium alkaloid.pdf,2019,7,0.71,True,True,4,Mesembrine_ The archetypal psycho-active Sceletium alkaloid,Felix Makolo,Sceletium tortuosum; Mesembrine; Alkaloid; Mood elevation; Congested quaternary carbon;
01_Sceletium_Pharmacology,2019 - Makolo - Mesembrine_ The archetypal psycho-active Sceletium alkaloid_1.pdf,2019,7,0.69,True,True,4,Mesembrine_ The archetypal psycho-active Sceletium alkaloid,Felix Makolo,Sceletium tortuosum; Mesembrine; Alkaloid; Mood elevation; Congested quaternary carbon;
01_Sceletium_Pharmacology,2019 - Manganyi - Antibacterial activity of endophytic fungi isolated from Sceletium tortuosum ....pdf,2019,5,0.53,True,True,4,Antibacterial activity of endophytic fungi isolated from Sceletium tortuosum L. (Kougoed),Madira Coutlyne Manganyi,"Endophytic fungi,Sceletium tortuosum,Secondary metabolites,Bioactive compounds,GC-MS analysis,Fusarium oxysporum"
01_Sceletium_Pharmacology,2019 - Manganyi - Antibacterial activity of endophytic fungi isolated from Sceletium tortuosum ..._1.pdf,2019,5,0.59,True,True,4,Antibacterial activity of endophytic fungi isolated from Sceletium tortuosum L. (Kougoed),Madira Coutlyne Manganyi,"Endophytic fungi,Sceletium tortuosum,Secondary metabolites,Bioactive compounds,GC-MS analysis,Fusarium oxysporum"
01_Sceletium_Pharmacology,"2019 - Terburg - Acute Effects of Sceletium tortuosum (Zembrin), a Dual 5-HT Reuptake and PDE4....pdf",2019,9,0.7,True,True,3,"Acute Effects of Sceletium tortuosum (Zembrin), a Dual 5-HT Reuptake and PDE4 Inhibitor, in the Human Amygdala and its Connection to the Hypothalamus",David Terburg,
01_Sceletium_Pharmacology,"2019 - Terburg - Acute Effects of Sceletium tortuosum (Zembrin), a Dual 5-HT Reuptake and PDE4..._1.pdf",2019,9,0.86,True,True,3,"Acute Effects of Sceletium tortuosum (Zembrin), a Dual 5-HT Reuptake and PDE4 Inhibitor, in the Human Amygdala and its Connection to the Hypothalamus",David Terburg,
01_Sceletium_Pharmacology,2019 - To ferment or not to ferment Sceletium tortuosum - Do our ancestors hold the ....pdf,2019,4,0.94,True,False,1,To ferment or not to ferment Sceletium tortuosum - Do our ancestors hold the answer?,,
01_Sceletium_Pharmacology,2019 - To ferment or not to ferment Sceletium tortuosum - Do our ancestors hold the ..._1.pdf,2019,4,0.95,True,False,1,To ferment or not to ferment Sceletium tortuosum - Do our ancestors hold the answer?,,
01_Sceletium_Pharmacology,2020 - Faber - Variabilities in alkaloid concentration of Sceletium tortuosum (L.) N.E. Br i....pdf,2020,9,1.73,True,True,3,Variabilities in alkaloid concentration of Sceletium tortuosum (L.) N.E. Br in response to different soilless growing media and fertigation regimes in hydroponics,Richard James Faber,
01_Sceletium_Pharmacology,2020 - Faber - Variabilities in alkaloid concentration of Sceletium tortuosum (L.) N.E. Br i..._1.pdf,2020,9,1.79,True,True,3,Variabilities in alkaloid concentration of Sceletium tortuosum (L.) N.E. Br in response to different soilless growing media and fertigation regimes in hydroponics,Richard James Faber,
01_Sceletium_Pharmacology,2020 - JSCR-08-14509 2476..2481.pdf,2020,6,0.24,True,False,2,JSCR-08-14509 2476..2481,,LWW
01_Sceletium_Pharmacology,2020 - JSCR-08-14509 2476..2481_1.pdf,2020,6,0.43,True,False,2,JSCR-08-14509 2476..2481,,LWW
01_Sceletium_Pharmacology,2020 - PDE inhibition in distinct cell types to recla.pdf,2020,18,0.77,False,False,0,,,
01_Sceletium_Pharmacology,2020 - PROF - Journal of medical research and practice.pdf,2020,10,1.36,True,True,2,Journal of medical research and practice,PROF,
01_Sceletium_Pharmacology,2020 - PROF - Journal of medical research and practice_1.pdf,2020,10,1.38,True,True,2,Journal of medical research and practice,PROF,
01_Sceletium_Pharmacology,2020 - Rombaut et al.   2021   PDE inhibition in distinct cell types to reclaim t 1.pdf,2020,18,0.74,False,False,0,,,
01_Sceletium_Pharmacology,2020 - Rombaut et al.   2021   PDE inhibition in distinct cell types to reclaim t.pdf,2020,18,0.74,False,False,0,,,
01_Sceletium_Pharmacology,2020 - Sceletium tortuosum (Zembrin®) ameliorates experimentally induced anxiety in ....pdf,2020,7,0.38,True,False,2,Sceletium tortuosum (Zembrin®) ameliorates experimentally induced anxiety in healthy volunteers,,
01_Sceletium_Pharmacology,2020 - Sceletium tortuosum (Zembrin®) ameliorates experimentally induced anxiety in ..._1.pdf,2020,7,0.52,True,False,2,Sceletium tortuosum (Zembrin®) ameliorates experimentally induced anxiety in healthy volunteers,,
01_Sceletium_Pharmacology,2021 - Amit - In Silico Docking Analysis of Few Antidepressa.pdf,2021,12,0.85,False,True,1,,Amit,
01_Sceletium_Pharmacology,"2021 - Berry - Effects of Zembrin® (Sceletium tortuosum) Supplementation on Mood, Soreness, ....pdf",2021,10,1.1,True,True,4,"Effects of Zembrin® (Sceletium tortuosum) Supplementation on Mood, Soreness, and Performance Following Unaccustomed Resistance Exercise: A Pilot Study","Angela R. Berry, Haley N. Langley, Rebecca R. Rogers, Courteney L. Benjamin, Tyler D. Williams and Christopher G. Ballmann",range of motion; delayed onset muscle soreness; lactate dehydrogenase; profile of mood states
01_Sceletium_Pharmacology,2021 - CPA979917 1..14.pdf,2021,14,3.82,True,False,1,CPA979917 1..14,,
01_Sceletium_Pharmacology,2021 - Gericke - acute dose-ranging evaluation of the antidepressant properties of Sceletium t....pdf,2021,9,2.35,True,True,4,An acute dose-ranging evaluation of the antidepressant properties of Sceletium tortuosum (Zembrin®) versus escitalopram in the Flinders Sensitive Line rat.,Johané Gericke,"Antidepressant,Sceletium tortuosum,Escitalopram,FST,OFT,Complementary,adjunctive medicine,FSL rat"
01_Sceletium_Pharmacology,2021 - Gericke - acute dose-ranging evaluation of the antidepressant properties of Sceletium t..._1.pdf,2021,9,2.36,True,True,4,An acute dose-ranging evaluation of the antidepressant properties of Sceletium tortuosum (Zembrin®) versus escitalopram in the Flinders Sensitive Line rat.,Johané Gericke,"Antidepressant,Sceletium tortuosum,Escitalopram,FST,OFT,Complementary,adjunctive medicine,FSL rat"
01_Sceletium_Pharmacology,2021 - Khan - Brendler 2020-0332-MS.pdf,2021,17,0.5,True,True,2,Brendler 2020-0332-MS,Faraz Khan,
01_Sceletium_Pharmacology,2021 - Khan - Brendler 2020-0332-MS_1.pdf,2021,17,0.57,True,True,2,Brendler 2020-0332-MS,Faraz Khan,
01_Sceletium_Pharmacology,2021 - Mahlatsi et al.   2021   A conceptual framework for psychosocial health manag....pdf,2021,10,0.62,False,False,0,,,
01_Sceletium_Pharmacology,2021 - Manganyi - Chewable Cure ˝Kanna˛ Biological and Pharmaceutical Properties of Sceletium ....pdf,2021,15,8.61,True,True,4,A Chewable Cure ˝Kanna˛: Biological and Pharmaceutical Properties of Sceletium tortuosum,"Madira Coutlyne Manganyi, Cornelius Carlos Bezuidenhout, Thierry Regnier and Collins Njie Ateba",Sceletium tortuosum; kougoed; well-being; biological properties; bioactive compounds
01_Sceletium_Pharmacology,2021 - Manganyi - Chewable Cure “Kanna” Biological and Pharmaceutical Properties of Sceletium ....pdf,2021,15,8.57,True,True,4,A Chewable Cure “Kanna”: Biological and Pharmaceutical Properties of Sceletium tortuosum,"Madira Coutlyne Manganyi, Cornelius Carlos Bezuidenhout, Thierry Regnier and Collins Njie Ateba",Sceletium tortuosum; kougoed; well-being; biological properties; bioactive compounds
01_Sceletium_Pharmacology,2021 - Neisewander - Neuroimmune Mechanisms as Novel Treatment Targets for Substance Use Disorders....pdf,2021,27,1.08,True,True,4,Neuroimmune Mechanisms as Novel Treatment Targets for Substance Use Disorders and Associated Comorbidities,Janet L. Neisewander and Mark D. Namba,"neuroinflammation, addiction, PTSD, MDD, chronic pain, HIV"
01_Sceletium_Pharmacology,2021 - Neisewander - Neuroimmune Mechanisms as Novel Treatment Targets for Substance Use Disorders..._1.pdf,2021,27,1.42,True,True,4,Neuroimmune Mechanisms as Novel Treatment Targets for Substance Use Disorders and Associated Comorbidities,Janet L. Neisewander and Mark D. Namba,"neuroinflammation, addiction, PTSD, MDD, chronic pain, HIV"
01_Sceletium_Pharmacology,"2021 - Olatunji - Sceletium tortuosum  A review on its phytochemistry, pharmacokinetics, biolo....pdf",2021,15,2.06,True,True,4,"Sceletium tortuosum : A review on its phytochemistry, pharmacokinetics, biological and clinical activities",T.L. Olatunji,"Aizoaceae,Mesembrine,Serotonin,Sceletium tortuosum,Zembrin®,Psychoactive,Antidepressant"
01_Sceletium_Pharmacology,2021 - Sreekissoon - In vitro and ex vivo vegetative propagation and cytokinin profiles of Sceleti....pdf,2021,12,1.01,True,True,4,In vitro and ex vivo vegetative propagation and cytokinin profiles of Sceletium tortuosum (L.) N. E. Br.: a South African medicinal plant,Amrisha Sreekissoon,"Sceletium tortuosum,Medicinal plant,Vegetative propagation,Tissue culture,Cuttings,Cytokinin analysis"
01_Sceletium_Pharmacology,2021 - Sreekissoon - In vitro and ex vivo vegetative propagation and cytokinin profiles of Sceleti..._1.pdf,2021,12,1.16,True,True,4,In vitro and ex vivo vegetative propagation and cytokinin profiles of Sceletium tortuosum (L.) N. E. Br.: a South African medicinal plant,Amrisha Sreekissoon,"Sceletium tortuosum,Medicinal plant,Vegetative propagation,Tissue culture,Cuttings,Cytokinin analysis"
01_Sceletium_Pharmacology,2022 - Luo - network pharmacology-based approach to explore the therapeutic potential of S....pdf,2022,21,4.11,True,True,2,A network pharmacology-based approach to explore the therapeutic potential of Sceletium tortuosum in the treatment of neurodegenerative disorders,"Yangwen Luo, Luchen Shan, Lipeng Xu, Srinivas Patnala, Isadore Kanfer, Jiahao Li, Pei Yu, Xu Jun",
01_Sceletium_Pharmacology,2022 - Luo - network pharmacology-based approach to explore the therapeutic potential of S..._1.pdf,2022,21,4.31,True,True,2,A network pharmacology-based approach to explore the therapeutic potential of Sceletium tortuosum in the treatment of neurodegenerative disorders,"Yangwen Luo, Luchen Shan, Lipeng Xu, Srinivas Patnala, Isadore Kanfer, Jiahao Li, Pei Yu, Xu Jun",
01_Sceletium_Pharmacology,2022 - Maphanga - Mesembryanthemum tortuosum L. alkaloids modify anxiety-like behaviour in a ze....pdf,2022,13,6.29,True,True,4,Mesembryanthemum tortuosum L. alkaloids modify anxiety-like behaviour in a zebrafish model,Veronica B. Maphanga,"Mesembryanthemum tortuosum,Sceletium alkaloids,ADMET,Zebrafish larvae,Reverse-thigmotaxis"
01_Sceletium_Pharmacology,2022 - Maphanga - Mesembryanthemum tortuosum L. alkaloids modify anxiety-like behaviour in a ze..._1.pdf,2022,13,6.31,True,True,4,Mesembryanthemum tortuosum L. alkaloids modify anxiety-like behaviour in a zebrafish model,Veronica B. Maphanga,"Mesembryanthemum tortuosum,Sceletium alkaloids,ADMET,Zebrafish larvae,Reverse-thigmotaxis"
01_Sceletium_Pharmacology,"2022 - Olatunji - Corrigendum to ˝Sceletium tortuosum A review on its phytochemistry, pharmaco....pdf",2022,1,0.19,True,True,3,"Corrigendum to ˝Sceletium tortuosum: A review on its phytochemistry, pharmacokinetics, biological and clinical activities˛  ...",T.L. Olatunji,
01_Sceletium_Pharmacology,"2022 - Olatunji - Corrigendum to ˝Sceletium tortuosum A review on its phytochemistry, pharmaco..._1.pdf",2022,1,0.2,True,True,3,"Corrigendum to ˝Sceletium tortuosum: A review on its phytochemistry, pharmacokinetics, biological and clinical activities˛  ...",T.L. Olatunji,
01_Sceletium_Pharmacology,"2022 - Olatunji - Corrigendum to “Sceletium tortuosum A review on its phytochemistry, pharmaco....pdf",2022,1,0.2,True,True,3,"Corrigendum to “Sceletium tortuosum: A review on its phytochemistry, pharmacokinetics, biological and clinical activities”  ...",T.L. Olatunji,
01_Sceletium_Pharmacology,"2022 - Olatunji - Sceletium tortuosum  A review on its phytochemistry, pharmacokinetics, biolo....pdf",2022,16,4.08,True,True,4,"Sceletium tortuosum : A review on its phytochemistry, pharmacokinetics, biological, pre-clinical and clinical activities",T.L. Olatunji,"Aizoaceae,Mesembrine,Serotonin,Sceletium tortuosum,Zembrin®,Psychoactive,Antidepressant"
01_Sceletium_Pharmacology,"2022 - Olatunji - Sceletium tortuosum  A review on its phytochemistry, pharmacokinetics, biolo..._1.pdf",2022,16,4.1,True,True,4,"Sceletium tortuosum : A review on its phytochemistry, pharmacokinetics, biological, pre-clinical and clinical activities",T.L. Olatunji,"Aizoaceae,Mesembrine,Serotonin,Sceletium tortuosum,Zembrin®,Psychoactive,Antidepressant"
01_Sceletium_Pharmacology,"2022 - Yates - Determinants of Addiction Neurobiological, Behavioral, Cognitive, and Socioc....pdf",2022,598,9.43,True,True,3,"Determinants of Addiction: Neurobiological, Behavioral, Cognitive, and Sociocultural Factors",Justin R. Yates,
01_Sceletium_Pharmacology,"2022 - Yates - Determinants of Addiction Neurobiological, Behavioral, Cognitive, and Socioc..._1.pdf",2022,598,12.68,True,True,3,"Determinants of Addiction: Neurobiological, Behavioral, Cognitive, and Sociocultural Factors",Justin R. Yates,
01_Sceletium_Pharmacology,2023 - (52) KH 001 BUT NOT OTHER TESTED ALKALOIDS DER.pdf,2023,1,0.07,False,False,0,,,
01_Sceletium_Pharmacology,2023 - 0a4de12f 574e 4e82 85b8 bd1c399b605e.pdf,2023,19,2.96,False,False,0,,,
01_Sceletium_Pharmacology,2023 - 64420 1.pdf,2023,20,0.34,False,False,0,,,
01_Sceletium_Pharmacology,2023 - A 2023.pdf,2023,1,0.07,False,False,0,,,
01_Sceletium_Pharmacology,2023 - Gericke - Sceletium tortuosum -derived mesembrine significantly contributes to the anxi....pdf,2023,12,6.94,True,True,3,"Sceletium tortuosum -derived mesembrine significantly contributes to the anxiolytic effect of Zembrin®, but its anti-depressant effect may require synergy of multiple plant constituents",Johané Gericke,
01_Sceletium_Pharmacology,2023 - Gericke - Sceletium tortuosum -derived mesembrine significantly contributes to the anxi..._1.pdf,2023,12,6.96,True,True,3,"Sceletium tortuosum -derived mesembrine significantly contributes to the anxiolytic effect of Zembrin®, but its anti-depressant effect may require synergy of multiple plant constituents",Johané Gericke,
01_Sceletium_Pharmacology,2023 - James Faber 2022 The Importance ofSceletium to.pdf,2023,13,1.08,False,False,0,,,
01_Sceletium_Pharmacology,2023 - James Faber et al.   2022   The Importance of Sceletium tortuosum (L.).pdf,2023,13,1.08,False,False,0,,,
01_Sceletium_Pharmacology,2023 - Magill - Bryophyta.pdf,2023,312,25.47,True,True,4,Bryophyta,"Magill, Robert E",https://archive.org/details/bryophyta0000magi
01_Sceletium_Pharmacology,2023 - One 2023.pdf,2023,337,17.72,False,False,0,,,
01_Sceletium_Pharmacology,"2023 - Patnala and Kanfer   2017   Sceletium Plant Species Alkaloidal Components, Ch 1.pdf",2023,19,2.96,False,False,0,,,
01_Sceletium_Pharmacology,"2023 - Patnala and Kanfer   2017   Sceletium Plant Species Alkaloidal Components, Ch 2.pdf",2023,19,2.96,False,False,0,,,
01_Sceletium_Pharmacology,"2023 - Patnala and Kanfer   2017   Sceletium Plant Species Alkaloidal Components, Ch.pdf",2023,19,2.96,False,False,0,,,
01_Sceletium_Pharmacology,2023 - Royston A 2023 (52) Kh 001 but Not Other Tested Alkaloids Derived from Scelet....pdf,2023,1,0.07,False,False,0,,,
01_Sceletium_Pharmacology,2023 - Royston A et al.   2023   (52) Kh 001 but Not Other Tested Alkaloids Derived 1.pdf,2023,1,0.07,False,False,0,,,
01_Sceletium_Pharmacology,2023 - Royston A et al.   2023   (52) Kh 001 but Not Other Tested Alkaloids Derived.pdf,2023,1,0.07,False,False,0,,,
01_Sceletium_Pharmacology,2023 - Sceletium Plant Species  Alkaloidal Components.pdf,2023,19,2.96,False,False,0,,,
01_Sceletium_Pharmacology,2023 - Smith - First People.pdf,2023,226,6.21,True,True,2,First People,"Smith, Andrew;",
01_Sceletium_Pharmacology,2023 - Stafford - Skeletons in the closet  Using a bibliometric lens to visualise phytochemic....pdf,2023,78,2.16,True,True,2,"Skeletons in the closet?  Using a bibliometric lens to visualise phytochemical and pharmacological activities linked to Sceletium, a mood enhancer",Dr. GI Stafford,
01_Sceletium_Pharmacology,2023 - Stafford - Skeletons in the closet  Using a bibliometric lens to visualise phytochemic..._1.pdf,2023,78,2.16,True,True,2,"Skeletons in the closet?  Using a bibliometric lens to visualise phytochemical and pharmacological activities linked to Sceletium, a mood enhancer",Dr. GI Stafford,
01_Sceletium_Pharmacology,2023 - Stafford - Skeletons in the closet   Using a bibliometric lens to visualise phytochemic....pdf,2023,78,2.17,True,True,2,"Skeletons in the closet?   Using a bibliometric lens to visualise phytochemical and pharmacological activities linked to Sceletium, a mood enhancer",Dr. GI Stafford,
01_Sceletium_Pharmacology,2023 - Stafford - Skeletons in the closet – Using a bibliometric lens to visualise phytochemic....pdf,2023,78,2.2,True,True,2,"Skeletons in the closet? – Using a bibliometric lens to visualise phytochemical and pharmacological activities linked to Sceletium, a mood enhancer",Dr. GI Stafford,
01_Sceletium_Pharmacology,2023 - Stafford - Skeletons in the closet – Using a bibliometric lens to visualise phytochemic..._1.pdf,2023,78,2.2,True,True,2,"Skeletons in the closet? – Using a bibliometric lens to visualise phytochemical and pharmacological activities linked to Sceletium, a mood enhancer",Dr. GI Stafford,
01_Sceletium_Pharmacology,2023 - Untitled.pdf,2023,13,1.12,True,False,1,Untitled,,
01_Sceletium_Pharmacology,2023 - Untitled_1.pdf,2023,19,1.85,True,False,1,Untitled,,
01_Sceletium_Pharmacology,2023 - Wynberg - Biopiracy Crying wolf or a lever for equity and conservation.pdf,2023,14,0.59,True,True,4,Biopiracy: Crying wolf or a lever for equity and conservation?,Rachel Wynberg,"Access and benefit sharing,Nagoya Protocol,Indigenous peoples,Traditional knowledge,Intellectual property,Innovation"
01_Sceletium_Pharmacology,2023 - Wynberg - Biopiracy Crying wolf or a lever for equity and conservation_1.pdf,2023,14,0.92,True,True,4,Biopiracy: Crying wolf or a lever for equity and conservation?,Rachel Wynberg,"Access and benefit sharing,Nagoya Protocol,Indigenous peoples,Traditional knowledge,Intellectual property,Innovation"
01_Sceletium_Pharmacology,2024 - Johansen - Reconceptualizing the Archaeology of Southern India; Beyond Periodization and....pdf,2024,195,21.56,True,True,4,Reconceptualizing the Archaeology of Southern India; Beyond Periodization and Toward a Politics of Practice,Peter Johansen,Deccan; Ceramics; Iron; South Asia; Lithics; Culture History; Crafting; Agro Pastoral Land; Archaeology
01_Sceletium_Pharmacology,2024 - Pickrell et al.   2012   The genetic prehistory of southern Africa.pdf,2024,63,2.79,False,False,0,,,
01_Sceletium_Pharmacology,2025 - Administrator - S-EM-8-2-165-14-272-Sobiecki-J-F-Tx[7].pmd.pdf,2025,9,0.12,True,True,2,S-EM-8-2-165-14-272-Sobiecki-J-F-Tx[7].pmd,Administrator,
01_Sceletium_Pharmacology,2025 - Bennett - Immunomodulatory effects of Sceletium tortuosum (Trimesemine) elucidated in ....pdf,2025,7,0.49,True,True,4,"Immunomodulatory effects of Sceletium tortuosum (Trimesemine"") elucidated in vitro_ Implications for chronic disease",Amber C. Bennett,Sceletium tortuosum; Alternative medicine; Anti-inflammatory; Cytokine; Monocyte; LPS
01_Sceletium_Pharmacology,2025 - Bennett - Sceletium tortuosum may delay chronic disease progression via alkaloid-depend....pdf,2025,9,1.23,True,True,4,Sceletium tortuosum may delay chronic disease progression via alkaloid-dependent antioxidant or anti-inflammatory action,A.C. Bennett,"Diabetes,Neuroinflammation,Oxidative stress,Astrocytes,Inflammation,Type 3 diabetes"
01_Sceletium_Pharmacology,2025 - Book 1.indb.pdf,2025,216,78.19,True,False,1,Book 1.indb,,
01_Sceletium_Pharmacology,2025 - Dimpfel - Effect of Zembrin® and four of its alkaloid constituents on electric excitabi....pdf,2025,7,1.06,True,True,4,Effect of Zembrin® and four of its alkaloid constituents on electric excitability of the rat hippocampus,Wilfried Dimpfel,Reverse pharmacology; Sceletium tortuosum; Zembrin®; Sceletium alkaloids; Rat; Hippocampus slice; Population spike; AMPA receptor; Epilepsy;
01_Sceletium_Pharmacology,2025 - Dimpfel - Electropharmacogram of Sceletium tortuosum extract based on spectral local fi....pdf,2025,8,1.92,True,True,4,Electropharmacogram of Sceletium tortuosum extract based on spectral local field power in conscious freely moving rats,Wilfried Dimpfel,Rat; Local field potential; Spectral EEG signature; Electropharmacogram; Sceletium tortuosum; Zembrin®; Rolipram; PDE4 inhibitor
01_Sceletium_Pharmacology,2025 - Druart - Emerging Roles of Complement in Psychiatric Disorders.pdf,2025,13,0.93,True,True,4,Emerging Roles of Complement in Psychiatric Disorders,Mélanie Druart,"brain development, schizophrenia, synapse elimination, synaptic pruning, microglia"
01_Sceletium_Pharmacology,2025 - Faber - Variabilities in alkaloid concentration of Sceletium tortuosum (L.) N.E. Br i....pdf,2025,9,1.9,True,True,3,Variabilities in alkaloid concentration of Sceletium tortuosum (L.) N.E. Br in response to different soilless growing media and fertigation regimes in hydroponics,Richard James Faber,
01_Sceletium_Pharmacology,2025 - Gericke - Sceletium tortuosum -derived mesembrine significantly contributes to the anxi....pdf,2025,12,6.88,True,True,3,"Sceletium tortuosum -derived mesembrine significantly contributes to the anxiolytic effect of Zembrin®, but its anti-depressant effect may require synergy of multiple plant constituents",Johané Gericke,
01_Sceletium_Pharmacology,2025 - Gericke - acute dose-ranging evaluation of the antidepressant properties of Sceletium t....pdf,2025,9,2.27,True,True,4,An acute dose-ranging evaluation of the antidepressant properties of Sceletium tortuosum (Zembrin®) versus escitalopram in the Flinders Sensitive Line rat.,Johané Gericke,"Antidepressant,Sceletium tortuosum,Escitalopram,FST,OFT,Complementary,adjunctive medicine,FSL rat"
01_Sceletium_Pharmacology,2025 - Hall - Changing Past.pdf,2025,172,66.6,True,True,3,The Changing Past,Martin Hall,https://archive.org/details/changingpast0000mart
01_Sceletium_Pharmacology,"2025 - King   2019   Outlaws, Anxiety, and Disorder in Southern Africa Material Hist....pdf",2025,299,4.83,False,False,0,,,
01_Sceletium_Pharmacology,2025 - Makolo - Mesembrine_ The archetypal psycho-active Sceletium alkaloid.pdf,2025,7,1.53,True,True,4,Mesembrine_ The archetypal psycho-active Sceletium alkaloid,Felix Makolo,Sceletium tortuosum; Mesembrine; Alkaloid; Mood elevation; Congested quaternary carbon;
01_Sceletium_Pharmacology,2025 - Manganyi - Antibacterial activity of endophytic fungi isolated from Sceletium tortuosum ....pdf,2025,5,0.68,True,True,4,Antibacterial activity of endophytic fungi isolated from Sceletium tortuosum L. (Kougoed),Madira Coutlyne Manganyi,"Endophytic fungi,Sceletium tortuosum,Secondary metabolites,Bioactive compounds,GC-MS analysis,Fusarium oxysporum"
01_Sceletium_Pharmacology,2025 - Manganyi - Chewable Cure ˝Kanna˛ Biological and Pharmaceutical Properties of Sceletium ....pdf,2025,15,2.43,True,True,4,A Chewable Cure ˝Kanna˛: Biological and Pharmaceutical Properties of Sceletium tortuosum,"Madira Coutlyne Manganyi, Cornelius Carlos Bezuidenhout, Thierry Regnier and Collins Njie Ateba",Sceletium tortuosum; kougoed; well-being; biological properties; bioactive compounds
01_Sceletium_Pharmacology,2025 - Mitchell - archaeology of southern Africa.pdf,2025,328,83.4,True,True,4,The archaeology of southern Africa,"Mitchell, Peter, 1962-",https://archive.org/details/archaeologyofsou0000mitc_f2u8
01_Sceletium_Pharmacology,2025 - Neisewander - Neuroimmune Mechanisms as Novel Treatment Targets for Substance Use Disorders....pdf,2025,27,1.76,True,True,4,Neuroimmune Mechanisms as Novel Treatment Targets for Substance Use Disorders and Associated Comorbidities,Janet L. Neisewander and Mark D. Namba,"neuroinflammation, addiction, PTSD, MDD, chronic pain, HIV"
01_Sceletium_Pharmacology,2025 - Novel psychoactive substances of interest for psychiatry.pdf,2025,12,0.3,True,False,1,Novel psychoactive substances of interest for psychiatry,,
01_Sceletium_Pharmacology,2025 - Organized_Chaos - Microsoft Word - format.doc.pdf,2025,13,0.82,True,True,2,Microsoft Word - format.doc,Organized_Chaos,
01_Sceletium_Pharmacology,2025 - PROF - Journal of medical research and practice.pdf,2025,10,2.24,True,True,2,Journal of medical research and practice,PROF,
01_Sceletium_Pharmacology,2025 - Shikanga - chemotypic variation of Sceletium tortuosum alkaloids and commercial product ....pdf,2025,10,0.6,True,True,3,The chemotypic variation of Sceletium tortuosum alkaloids and commercial product formulations,Emmanuel Amukohe Shikanga; Alvaro M. Viljoen; Sandra Combrinck; Andrew Marston; Nigel Gericke,
01_Sceletium_Pharmacology,2025 - Sreekissoon - In vitro and ex vivo vegetative propagation and cytokinin profiles of Sceleti....pdf,2025,12,0.86,True,True,4,In vitro and ex vivo vegetative propagation and cytokinin profiles of Sceletium tortuosum (L.) N. E. Br.: a South African medicinal plant,Amrisha Sreekissoon,"Sceletium tortuosum,Medicinal plant,Vegetative propagation,Tissue culture,Cuttings,Cytokinin analysis"
01_Sceletium_Pharmacology,2025 - Stellenbosch - ecology and management of biological invasions in southern Africa  proceedin....pdf,2025,348,125.91,True,True,4,The ecology and management of biological invasions in southern Africa : proceedings of the National Synthesis Symposium on the Ecology of Biological Invasions,"National Synthesis Symposium on the Ecology of Biological Invasions (1985 : Stellenbosch, South Africa)",https://archive.org/details/ecologymanagemen0000nati
01_Sceletium_Pharmacology,"2025 - Terburg - Acute Effects of Sceletium tortuosum (Zembrin), a Dual 5-HT Reuptake and PDE4....pdf",2025,9,0.81,True,True,3,"Acute Effects of Sceletium tortuosum (Zembrin), a Dual 5-HT Reuptake and PDE4 Inhibitor, in the Human Amygdala and its Connection to the Hypothalamus",David Terburg,
01_Sceletium_Pharmacology,2025 - Wynberg - Biopiracy Crying wolf or a lever for equity and conservation.pdf,2025,14,0.72,True,True,4,Biopiracy: Crying wolf or a lever for equity and conservation?,Rachel Wynberg,"Access and benefit sharing,Nagoya Protocol,Indigenous peoples,Traditional knowledge,Intellectual property,Innovation"
01_Sceletium_Pharmacology,2025 - doi10.1016S0079-6123(08)00919-9.pdf,2025,22,1.03,True,False,1,doi:10.1016/S0079-6123(08)00919-9,,
01_Sceletium_Pharmacology,2025 - doi10.1016j.jep.2008.07.043.pdf,2025,11,1.56,True,False,1,doi:10.1016/j.jep.2008.07.043,,
02_Ethnopharmacology,2003 - PII 0378-8741(95)01337-7.pdf,2003,6,0.45,True,False,1,PII: 0378-8741(95)01337-7,,
02_Ethnopharmacology,2003 - PII 0378-8741(95)01337-7_1.pdf,2003,6,0.46,True,False,1,PII: 0378-8741(95)01337-7,,
02_Ethnopharmacology,2004 - Group - World Bank Document.pdf,2004,282,1.08,True,True,3,World Bank Document,World Bank Group,
02_Ethnopharmacology,2004 - Group - World Bank Document_1.pdf,2004,282,1.11,True,True,3,World Bank Document,World Bank Group,
02_Ethnopharmacology,2008 - doi10.1016j.jep.2008.05.029.pdf,2008,14,1.59,True,False,1,doi:10.1016/j.jep.2008.05.029,,
02_Ethnopharmacology,2008 - doi10.1016j.jep.2008.08.010.pdf,2008,25,0.72,True,False,1,doi:10.1016/j.jep.2008.08.010,,
02_Ethnopharmacology,"2011 - Leonti - future is written Impact of scripts on the cognition, selection, knowledge a....pdf",2011,14,1.2,True,True,3,"The future is written: Impact of scripts on the cognition, selection, knowledge and transmission of medicinal plant use and its implications for ethnobotany and ethnopharmacology",Marco Leonti,
02_Ethnopharmacology,"2011 - Leonti - future is written Impact of scripts on the cognition, selection, knowledge a..._1.pdf",2011,14,1.32,True,True,3,"The future is written: Impact of scripts on the cognition, selection, knowledge and transmission of medicinal plant use and its implications for ethnobotany and ethnopharmacology",Marco Leonti,
02_Ethnopharmacology,2011 - Viljoen - South African Herbal Pharmacopoeia Monographs of Medicinal and Aromatic Plants.pdf,2011,621,48.52,True,True,3,The South African Herbal Pharmacopoeia: Monographs of Medicinal and Aromatic Plants,Alvaro Viljoen,
02_Ethnopharmacology,2011 - Viljoen - South African Herbal Pharmacopoeia Monographs of Medicinal and Aromatic Plants_1.pdf,2011,621,47.18,True,True,3,The South African Herbal Pharmacopoeia: Monographs of Medicinal and Aromatic Plants,Alvaro Viljoen,
02_Ethnopharmacology,2013 - Shyam - Prasad 2013 Role of Traditional and Alternativ.pdf,2013,7,0.44,False,True,1,,Dr Shyam,
02_Ethnopharmacology,2013 - Shyam - Prasad et al.   2013   Role of Traditional and Alternative Medicine in Treatm....pdf,2013,7,0.45,False,True,1,,Dr Shyam,
02_Ethnopharmacology,"2016 - Royal pharmaceuticals Bioprospecting, rights, and traditional authority in S....pdf",2016,15,0.76,True,False,2,"Royal pharmaceuticals: Bioprospecting, rights, and traditional authority in South Africa",,
02_Ethnopharmacology,"2016 - Royal pharmaceuticals Bioprospecting, rights, and traditional authority in S..._1.pdf",2016,15,0.82,True,False,2,"Royal pharmaceuticals: Bioprospecting, rights, and traditional authority in South Africa",,
02_Ethnopharmacology,2016 - Treatment of anxiety and depression medicinal plants in retrospect.pdf,2016,18,0.5,True,False,2,Treatment of anxiety and depression: medicinal plants in retrospect,,
02_Ethnopharmacology,2016 - Treatment of anxiety and depression medicinal plants in retrospect_1.pdf,2016,18,0.63,True,False,2,Treatment of anxiety and depression: medicinal plants in retrospect,,
02_Ethnopharmacology,2018 - ESPD50NigelGerickepaper.pdf.pdf,2018,29,0.81,True,False,1,ESPD50NigelGerickepaper.pdf,,
02_Ethnopharmacology,2019 - Ethnobotanical research in sub-Saharan Africa - documenting and analysing ind....pdf,2019,2,0.19,True,False,1,"Ethnobotanical research in sub-Saharan Africa - documenting and analysing indigenous knowledge about medicinal, edible and other useful plants",,
02_Ethnopharmacology,2019 - Ethnobotanical research in sub-Saharan Africa - documenting and analysing ind..._1.pdf,2019,2,0.21,True,False,1,"Ethnobotanical research in sub-Saharan Africa - documenting and analysing indigenous knowledge about medicinal, edible and other useful plants",,
02_Ethnopharmacology,2019 - Wyk - Ethnobotanical research in sub-Saharan Africa - documenting and analysing ind....pdf,2019,2,0.2,True,True,3,"Ethnobotanical research in sub-Saharan Africa - documenting and analysing indigenous knowledge about medicinal, edible and other useful plants",B.-E. Van Wyk,
02_Ethnopharmacology,"2020 - Akinyede et al.   2020   Ethnopharmacology, Therapeutic Properties and Nutrit....pdf",2020,16,2.47,False,False,0,,,
02_Ethnopharmacology,2020 - Brunetti - Pharmacology of Herbal Sexual Enhancers A Review of Psychiatric and Neurolog....pdf,2020,51,1.04,True,True,4,Pharmacology of Herbal Sexual Enhancers: A Review of Psychiatric and Neurological Adverse Effects,"Pietro Brunetti, Alfredo Fabrizio Lo Faro, Anastasio Tini, Francesco Paolo Busardò and Jeremy Carlier",aphrodisiac; sexual enhancer; plant; pharmacology; toxicology; psychiatry; neurology; adverse effect
02_Ethnopharmacology,2020 - Brunetti - Pharmacology of Herbal Sexual Enhancers A Review of Psychiatric and Neurolog..._1.pdf,2020,51,0.86,True,True,4,Pharmacology of Herbal Sexual Enhancers: A Review of Psychiatric and Neurological Adverse Effects,"Pietro Brunetti, Alfredo Fabrizio Lo Faro, Anastasio Tini, Francesco Paolo Busardò and Jeremy Carlier",aphrodisiac; sexual enhancer; plant; pharmacology; toxicology; psychiatry; neurology; adverse effect
02_Ethnopharmacology,2020 - Maphanga - Screening selected medicinal plants for potential anxiolytic activity using a....pdf,2020,13,0.62,True,True,3,Screening selected medicinal plants for potential anxiolytic activity using an in vivo zebrafish model,Veronica B. Maphanga,
02_Ethnopharmacology,2020 - Maphanga - Screening selected medicinal plants for potential anxiolytic activity using a..._1.pdf,2020,13,0.7,True,True,3,Screening selected medicinal plants for potential anxiolytic activity using an in vivo zebrafish model,Veronica B. Maphanga,
02_Ethnopharmacology,2021 - Khan - Brendler 2020-0332-MS.pdf,2021,17,0.55,True,True,2,Brendler 2020-0332-MS,Faraz Khan,
02_Ethnopharmacology,2022 - Kalicharan - Ethnopharmacology and biological activities of the Aizoaceae.pdf,2022,12,0.94,True,True,4,Ethnopharmacology and biological activities of the Aizoaceae,B. Kalicharan,"Aizoaceae,Mesembryanthemum,Succulent,Antimicrobial,Antioxidant,Cosmetics"
02_Ethnopharmacology,2022 - Kalicharan - Ethnopharmacology and biological activities of the Aizoaceae_1.pdf,2022,12,1.09,True,True,4,Ethnopharmacology and biological activities of the Aizoaceae,B. Kalicharan,"Aizoaceae,Mesembryanthemum,Succulent,Antimicrobial,Antioxidant,Cosmetics"
02_Ethnopharmacology,2022 - fphar-2022-895286 1..38.pdf,2022,38,2.1,True,False,1,fphar-2022-895286 1..38,,
02_Ethnopharmacology,2023 - Medicinal Plants for Treatment of Prevalent Di.pdf,2023,20,0.34,False,False,0,,,
02_Ethnopharmacology,2023 - Sibeko - Traditional perinatal plant knowledge in Sub-Saharan Africa Comprehensive co....pdf,2023,20,0.88,True,True,4,Traditional perinatal plant knowledge in Sub-Saharan Africa: Comprehensive compilation and secondary analysis,Lindiwe Sibeko,"""Ethnobotany""; ""Lactation""; ""Pregnancy""; ""Postpartum""; ""Tocolytic""; ""Traditional medicine""; ""Uterotonic"""
02_Ethnopharmacology,2023 - Sibeko - Traditional perinatal plant knowledge in Sub-Saharan Africa Comprehensive co..._1.pdf,2023,20,0.91,True,True,4,Traditional perinatal plant knowledge in Sub-Saharan Africa: Comprehensive compilation and secondary analysis,Lindiwe Sibeko,"""Ethnobotany""; ""Lactation""; ""Pregnancy""; ""Postpartum""; ""Tocolytic""; ""Traditional medicine""; ""Uterotonic"""
02_Ethnopharmacology,2023 - Untitled.pdf,2023,20,0.42,True,False,1,Untitled,,
02_Ethnopharmacology,2025 - Brunetti - Pharmacology of Herbal Sexual Enhancers A Review of Psychiatric and Neurolog....pdf,2025,51,1.66,True,True,4,Pharmacology of Herbal Sexual Enhancers: A Review of Psychiatric and Neurological Adverse Effects,"Pietro Brunetti, Alfredo Fabrizio Lo Faro, Anastasio Tini, Francesco Paolo Busardò and Jeremy Carlier",aphrodisiac; sexual enhancer; plant; pharmacology; toxicology; psychiatry; neurology; adverse effect
02_Ethnopharmacology,2025 - Sibeko - Traditional perinatal plant knowledge in Sub-Saharan Africa Comprehensive co....pdf,2025,20,1.12,True,True,4,Traditional perinatal plant knowledge in Sub-Saharan Africa: Comprehensive compilation and secondary analysis,Lindiwe Sibeko,"""Ethnobotany""; ""Lactation""; ""Pregnancy""; ""Postpartum""; ""Tocolytic""; ""Traditional medicine""; ""Uterotonic"""
02_Ethnopharmacology,2025 - doi10.1016j.jep.2008.08.010.pdf,2025,25,0.99,True,False,1,doi:10.1016/j.jep.2008.08.010,,
02_Ethnopharmacology,2025 - fphar-2022-895286 1..38.pdf,2025,38,2.68,True,False,1,fphar-2022-895286 1..38,,
03_PDE4_Neurogenesis,2004 - doi10.1016j.tips.2004.01.003.pdf,2004,6,0.33,True,False,1,doi:10.1016/j.tips.2004.01.003,,
03_PDE4_Neurogenesis,2008 - PDE4 inhibitors  current status.pdf,2008,8,0.15,False,False,0,,,
03_PDE4_Neurogenesis,2008 - PDE4 inhibitors current status.pdf,2008,8,0.12,True,False,2,PDE4 inhibitors: current status,,
03_PDE4_Neurogenesis,2008 - Spina   2008   PDE4 inhibitors current status 2 1.pdf,2008,8,0.14,False,False,0,,,
03_PDE4_Neurogenesis,2008 - Spina   2008   PDE4 inhibitors current status 2.pdf,2008,8,0.14,False,False,0,,,
03_PDE4_Neurogenesis,2008 - Spina   2008   PDE4 inhibitors current status.pdf,2008,8,0.19,False,False,0,,,
03_PDE4_Neurogenesis,2010 - Li 2011 Phosphodiesterase 4D knock out and RNA.pdf,2010,12,2.43,False,False,0,,,
03_PDE4_Neurogenesis,2015 - Wen et al.   2012   The Phosphodiesterase‐4 ( PDE 4) Inhibitor Rolipram De.pdf,2015,34,2.71,False,False,0,,,
03_PDE4_Neurogenesis,2017 - Bolger   2017   The PDE4 cAMP Specific Phosphodiesterases Targets for Drugs w....pdf,2017,40,0.78,False,False,0,,,
03_PDE4_Neurogenesis,2017 - Bolger   2017   The PDE4 cAMP Specific Phosphodiesterases Targets.pdf,2017,40,0.57,False,False,0,,,
03_PDE4_Neurogenesis,2017 - Olsen - Phosphodiesterase 4 inhibitors and drugs of abuse current knowledge and ther....pdf,2017,18,0.5,True,True,3,Phosphodiesterase 4 inhibitors and drugs of abuse: current knowledge and therapeutic opportunities,"Christopher M. Olsen, Qing-song Liu","PDE4, PDE4 inhibitors, VTA, nucleus accumbens, drug addiction"
03_PDE4_Neurogenesis,2017 - Olsen - Phosphodiesterase 4 inhibitors and drugs of abuse current knowledge and ther..._1.pdf,2017,18,0.67,True,True,3,Phosphodiesterase 4 inhibitors and drugs of abuse: current knowledge and therapeutic opportunities,"Christopher M. Olsen, Qing-song Liu","PDE4, PDE4 inhibitors, VTA, nucleus accumbens, drug addiction"
03_PDE4_Neurogenesis,2017 - The PDE4 cAMP Specific Phosphodiesterases  Tar.pdf,2017,40,0.64,False,False,0,,,
03_PDE4_Neurogenesis,2020 - Bhat - Phosphodiesterase-4 enzyme as a therapeutic target in neurological disorders.pdf,2020,73,6.46,True,True,3,Phosphodiesterase-4 enzyme as a therapeutic target in neurological disorders,Abid Bhat,
03_PDE4_Neurogenesis,2020 - Bhat - Phosphodiesterase-4 enzyme as a therapeutic target in neurological disorders_1.pdf,2020,73,2.14,True,True,3,Phosphodiesterase-4 enzyme as a therapeutic target in neurological disorders,Abid Bhat,
03_PDE4_Neurogenesis,2020 - Rombaut et al.   2021   PDE inhibition in distinct cell types to reclaim the ....pdf,2020,18,0.84,False,False,0,,,
03_PDE4_Neurogenesis,"2021 - Avchalumov - Plasticity in the Hippocampus, Neurogenesis and Drugs of Abuse.pdf",2021,15,1.08,True,True,4,"Plasticity in the Hippocampus, Neurogenesis and Drugs of Abuse",Yosef Avchalumov and Chitra D. Mandyam,long-term potentiation; CA1; CA3; Dentate Gyrus; NPCs
03_PDE4_Neurogenesis,"2021 - Avchalumov - Plasticity in the Hippocampus, Neurogenesis and Drugs of Abuse_1.pdf",2021,15,1.13,True,True,4,"Plasticity in the Hippocampus, Neurogenesis and Drugs of Abuse",Yosef Avchalumov and Chitra D. Mandyam,long-term potentiation; CA1; CA3; Dentate Gyrus; NPCs
03_PDE4_Neurogenesis,"2023 - Diamant - PDE4-inhibitors A novel, targeted therapy for obstructive airways disease.pdf",2023,39,0.37,True,True,4,"PDE4-inhibitors: A novel, targeted therapy for obstructive airways disease","Zuzana Diamant, Domenico Spina","PDE4-inhibitor, roflumilast, clinical trials, chronic obstructive airways disease"
03_PDE4_Neurogenesis,"2023 - Diamant - PDE4-inhibitors A novel, targeted therapy for obstructive airways disease_1.pdf",2023,39,0.45,True,True,4,"PDE4-inhibitors: A novel, targeted therapy for obstructive airways disease","Zuzana Diamant, Domenico Spina","PDE4-inhibitor, roflumilast, clinical trials, chronic obstructive airways disease"
03_PDE4_Neurogenesis,"2025 - Avchalumov - Plasticity in the Hippocampus, Neurogenesis and Drugs of Abuse.pdf",2025,15,1.24,True,True,4,"Plasticity in the Hippocampus, Neurogenesis and Drugs of Abuse",Yosef Avchalumov and Chitra D. Mandyam,long-term potentiation; CA1; CA3; Dentate Gyrus; NPCs
03_PDE4_Neurogenesis,2025 - Bhat - Phosphodiesterase-4 enzyme as a therapeutic target in neurological disorders.pdf,2025,73,2.43,True,True,3,Phosphodiesterase-4 enzyme as a therapeutic target in neurological disorders,Abid Bhat,
03_PDE4_Neurogenesis,"2025 - Diamant - PDE4-inhibitors A novel, targeted therapy for obstructive airways disease.pdf",2025,39,1.39,True,True,4,"PDE4-inhibitors: A novel, targeted therapy for obstructive airways disease","Zuzana Diamant, Domenico Spina","PDE4-inhibitor, roflumilast, clinical trials, chronic obstructive airways disease"
03_PDE4_Neurogenesis,2025 - Olsen - Phosphodiesterase 4 inhibitors and drugs of abuse current knowledge and ther....pdf,2025,18,0.42,True,True,3,Phosphodiesterase 4 inhibitors and drugs of abuse: current knowledge and therapeutic opportunities,"Christopher M. Olsen, Qing-song Liu","PDE4, PDE4 inhibitors, VTA, nucleus accumbens, drug addiction"
03_PDE4_Neurogenesis,2025 - Spina   2008   PDE4 inhibitors current status 1.pdf,2025,8,0.25,False,False,0,,,
04_Clinical_Trials,"2013 - Nell - Randomized, Double-Blind, Parallel-Group, Placebo-Controlled Trial of Extract....pdf",2013,7,0.11,True,True,3,"A Randomized, Double-Blind, Parallel-Group, Placebo-Controlled Trial of Extract Sceletium tortuosum (Zembrin) in Healthy Adults","Haylene Nell, Mirna Siebert, Pashini Chellan, and Nigel Gericke",
04_Clinical_Trials,"2013 - Nell - Randomized, Double-Blind, Parallel-Group, Placebo-Controlled Trial of Extract..._1.pdf",2013,7,0.16,True,True,3,"A Randomized, Double-Blind, Parallel-Group, Placebo-Controlled Trial of Extract Sceletium tortuosum (Zembrin) in Healthy Adults","Haylene Nell, Mirna Siebert, Pashini Chellan, and Nigel Gericke",
04_Clinical_Trials,2015 - Chiu et al.   2014   Proof of Concept Randomized Controlled Study of Co 1.pdf,2015,10,1.54,False,False,0,,,
04_Clinical_Trials,2015 - Chiu et al.   2014   Proof of Concept Randomized Controlled Study of Co.pdf,2015,10,1.54,False,False,0,,,
04_Clinical_Trials,2015 - Chiu et al.   2014   Proof‐of‐Concept Randomized Controlled Study of Cognitio....pdf,2015,10,1.61,False,False,1,,,
04_Clinical_Trials,2015 - wemyss - Chiu and Raheb   2015   Exploring Zembrin Extract Derived from South Afric 1.pdf,2015,20,0.57,False,True,1,,wemyss,
04_Clinical_Trials,2015 - wemyss - Chiu and Raheb   2015   Exploring Zembrin Extract Derived from South Afric.pdf,2015,20,0.57,False,True,1,,wemyss,
04_Clinical_Trials,2015 - wemyss - Exploring Zembrin Extract Derived from South A.pdf,2015,20,0.57,False,True,1,,wemyss,
04_Clinical_Trials,2016 - Dimpfel - Psychophysiological Effects of Zembrin® Using Quantitative EEG Source Density....pdf,2016,20,6.64,True,True,4,"Psychophysiological Effects of Zembrin® Using Quantitative EEG Source Density in Combination with Eye-Tracking in 60 Healthy Subjects. A Double-Blind, Randomized, Placebo-Controlled, 3-Armed Study with Parallel Design","Wilfried Dimpfel, Nigel Gericke, Samir Suliman, Gwladys N. Chiegoua Dipah","Sceletium Tortuosum, Zembrin®, EEG, Neurocode-Tracking, Eye-Tracking, Psychophysiology, Spectral Power, EnkephaloVision, CATEEM®"
04_Clinical_Trials,2016 - Dimpfel - Psychophysiological Effects of Zembrin® Using Quantitative EEG Source Density..._1.pdf,2016,20,6.8,True,True,4,"Psychophysiological Effects of Zembrin® Using Quantitative EEG Source Density in Combination with Eye-Tracking in 60 Healthy Subjects. A Double-Blind, Randomized, Placebo-Controlled, 3-Armed Study with Parallel Design","Wilfried Dimpfel, Nigel Gericke, Samir Suliman, Gwladys N. Chiegoua Dipah","Sceletium Tortuosum, Zembrin®, EEG, Neurocode-Tracking, Eye-Tracking, Psychophysiology, Spectral Power, EnkephaloVision, CATEEM®"
04_Clinical_Trials,2021 - Sarris - Plant-based Medicines (Phytoceuticals) in the Treatment of Psychiatric Disord....pdf,2021,14,0.95,True,True,4,Plant-based Medicines (Phytoceuticals) in the Treatment of Psychiatric Disorders: A Meta-review of Meta-analyses of Randomized Controlled Trials: Les médicaments à base de plantes (phytoceutiques) dans le traitement des troubles psychiatriques: une méta-revue des méta-analyses dˇessais randomisés contrôlés,"Jerome Sarris, Wolfgang Marx, Melanie M. Ashton, Chee H. Ng, Nicole Galvao-Coelho, Zahra Ayati, Zhang-Jin Zhang, Siegfried Kasper, Arun Ravindran, Brian H. Harvey, Adrian Lopresti, David Mischoulon, Jay Amsterdam, Lakshmi N. Yatham, and Michael Berk","herbal medicine,Chinese herbal medicine,nutraceutical,mental disorders,depression,anxiety,clinical trials,psychiatry,mental health,treatment,schizophrenia,anxiety"
04_Clinical_Trials,2021 - Sarris - Plant-based Medicines (Phytoceuticals) in the Treatment of Psychiatric Disord..._1.pdf,2021,14,1.04,True,True,4,Plant-based Medicines (Phytoceuticals) in the Treatment of Psychiatric Disorders: A Meta-review of Meta-analyses of Randomized Controlled Trials: Les médicaments à base de plantes (phytoceutiques) dans le traitement des troubles psychiatriques: une méta-revue des méta-analyses dˇessais randomisés contrôlés,"Jerome Sarris, Wolfgang Marx, Melanie M. Ashton, Chee H. Ng, Nicole Galvao-Coelho, Zahra Ayati, Zhang-Jin Zhang, Siegfried Kasper, Arun Ravindran, Brian H. Harvey, Adrian Lopresti, David Mischoulon, Jay Amsterdam, Lakshmi N. Yatham, and Michael Berk","herbal medicine,Chinese herbal medicine,nutraceutical,mental disorders,depression,anxiety,clinical trials,psychiatry,mental health,treatment,schizophrenia,anxiety"
04_Clinical_Trials,"2025 - Nell - Randomized, Double-Blind, Parallel-Group, Placebo-Controlled Trial of Extract....pdf",2025,7,0.19,True,True,3,"A Randomized, Double-Blind, Parallel-Group, Placebo-Controlled Trial of Extract Sceletium tortuosum (Zembrin) in Healthy Adults","Haylene Nell, Mirna Siebert, Pashini Chellan, and Nigel Gericke",
05_Khoi_San_Traditional,2004 - doi10.1016j.tips.2004.01.003.pdf,2004,6,0.31,True,False,1,doi:10.1016/j.tips.2004.01.003,,
05_Khoi_San_Traditional,2004 - doi10.1016j.tips.2004.01.003_1.pdf,2004,6,0.32,True,False,1,doi:10.1016/j.tips.2004.01.003,,
05_Khoi_San_Traditional,2007 - 06_Low.indd.pdf,2007,30,0.29,True,False,1,06_Low.indd,,
05_Khoi_San_Traditional,2007 - 06_Low.indd_1.pdf,2007,30,0.53,True,False,1,06_Low.indd,,
05_Khoi_San_Traditional,2008 - doi10.1016j.jep.2008.07.021.pdf,2008,11,0.27,True,False,1,doi:10.1016/j.jep.2008.07.021,,
05_Khoi_San_Traditional,2008 - doi10.1016j.jep.2008.07.021_1.pdf,2008,11,0.33,True,False,1,doi:10.1016/j.jep.2008.07.021,,
05_Khoi_San_Traditional,2012 - Johnson - Microsoft Word - Template.doc.pdf,2012,31,0.34,True,True,2,Microsoft Word - Template.doc,Andrew Johnson,
05_Khoi_San_Traditional,2012 - Johnson - Microsoft Word - Template.doc_1.pdf,2012,31,0.34,True,True,2,Microsoft Word - Template.doc,Andrew Johnson,
05_Khoi_San_Traditional,2014 - Güldemann - Beyond 'Khoisan'.pdf,2014,344,2.61,True,True,3,Beyond 'Khoisan',"Tom Güldemann,Anne-Maria Fehn",
05_Khoi_San_Traditional,2016 - Khoisan Wind Hunting and Healing.pdf,2016,21,2.83,True,False,1,Khoisan Wind: Hunting and Healing,,
05_Khoi_San_Traditional,2016 - Khoisan Wind Hunting and Healing_1.pdf,2016,21,3.17,True,False,1,Khoisan Wind: Hunting and Healing,,
05_Khoi_San_Traditional,2021 - Amit - Kotadiya et al In Silico Docking Analysis of Few Antidepressant P.pdf,2021,12,0.88,False,True,1,,Amit,
05_Khoi_San_Traditional,2021 - Amit - Kotadiya et al.   In Silico Docking Analysis of Few Antidepressant P.pdf,2021,12,0.84,False,True,1,,Amit,
05_Khoi_San_Traditional,2022 - fphar-2022-895286 1..38.pdf,2022,38,1.91,True,False,1,fphar-2022-895286 1..38,,
05_Khoi_San_Traditional,2022 - fphar-2022-895286 1..38_1.pdf,2022,38,1.97,True,False,1,fphar-2022-895286 1..38,,
05_Khoi_San_Traditional,2023 - Smith - First People.pdf,2023,226,5.83,True,True,2,First People,"Smith, Andrew;",
05_Khoi_San_Traditional,2023 - Smith - First People_1.pdf,2023,226,5.89,True,True,2,First People,"Smith, Andrew;",
05_Khoi_San_Traditional,2025 - 06_Low.indd.pdf,2025,30,0.18,True,False,1,06_Low.indd,,
05_Khoi_San_Traditional,2025 - Güldemann - Beyond 'Khoisan'.pdf,2025,344,3.4,True,True,3,Beyond 'Khoisan',"Tom Güldemann,Anne-Maria Fehn",
06_Related_Compounds,2013 - Correlates of hyperdiversity in southern African ice plants (Aizoaceae).pdf,2013,20,1.28,True,False,1,Correlates of hyperdiversity in southern African ice plants (Aizoaceae),,
06_Related_Compounds,2013 - Correlates of hyperdiversity in southern African ice plants (Aizoaceae)_1.pdf,2013,20,1.26,True,False,1,Correlates of hyperdiversity in southern African ice plants (Aizoaceae),,
06_Related_Compounds,"2017 - Klak - Out of southern Africa Origin, biogeography and age of the Aizooideae (Aizoa....pdf",2017,14,2.72,True,True,3,"Out of southern Africa: Origin, biogeography and age of the Aizooideae (Aizoaceae)",Cornelia Klak,
06_Related_Compounds,"2017 - Klak - Out of southern Africa Origin, biogeography and age of the Aizooideae (Aizoa..._1.pdf",2017,14,2.96,True,True,3,"Out of southern Africa: Origin, biogeography and age of the Aizooideae (Aizoaceae)",Cornelia Klak,
06_Related_Compounds,2019 - JAPR - JAPR Galley Proof.pdf,2019,24,1.01,True,True,2,JAPR Galley Proof,Hassan JAPR,
06_Related_Compounds,2020 - El-Raouf - Taxonomic significance of leaves in family Aizoaceae.pdf,2020,11,5.43,True,True,3,Taxonomic significance of leaves in family Aizoaceae,Hany S. Abd El-Raouf,
06_Related_Compounds,2025 - Correlates of hyperdiversity in southern African ice plants (Aizoaceae).pdf,2025,20,1.78,True,False,1,Correlates of hyperdiversity in southern African ice plants (Aizoaceae),,
06_Related_Compounds,"2025 - Klak - Out of southern Africa Origin, biogeography and age of the Aizooideae (Aizoa....pdf",2025,14,3.15,True,True,3,"Out of southern Africa: Origin, biogeography and age of the Aizooideae (Aizoaceae)",Cornelia Klak,
