key,itemType,title,year,DOI,url,missing
54Z9JPAK,journalArticle,Sceletium tortuosum and depression: mechanisms elucidated,2016,10.1055/s-0036-1596865,https://doi.org/10.1055/s-0036-1596865,"tag:project,tag:year,tag:status"
JX4VSN9W,journalArticle,"Sceletium alkaloids. Part 7. Structure and absolute stereochemistry of (–)-mesembrane and 3′-methoxy-4′-O-methyljoubertiamine, two minor bases from S. namaquense L. Bolus: X-ray analysis of (–)mesembrane hydrochloride monohydrate",1977,10.1039/P29770001098,https://doi.org/10.1039/P29770001098,"volume,tag:project,tag:year,tag:status"
7AZ89ALV,journalArticle,How decolonization could reshape South African science,2018,10.1038/d41586-018-01696-w,https://doi.org/10.1038/d41586-018-01696-w,"abstractNote,tag:project,tag:year,tag:status"
L7KU5JBI,journalArticle,(52) Kh-001 but Not Other Tested Alkaloids Derived from Sceletium Tortuosum Delays Ejaculation in the Rat Para-Chloroamphetamine (Pca) Model,2023,10.1093/jsxmed/qdad062.002,https://doi.org/10.1093/jsxmed/qdad062.002,"pages,journalAbbreviation,tag:project,tag:year,tag:status"
G5WR33VF,journalArticle,"Modulation of glucocorticoid, mineralocorticoid and androgen production in H295 cells by Trimesemine, a mesembrine-rich Sceletium extract",2016,10.1016/j.jep.2015.11.033,https://doi.org/10.1016/j.jep.2015.11.033,"issue,tag:project,tag:year,tag:status"
TNGJH4EP,journalArticle,Formulation of Medicated Chewing Gum Containing Sceletium tortuosum and Process Optimization Utilizing the SeDeM Diagram Expert System,2021,10.1208/s12249-021-01961-8,https://doi.org/10.1208/s12249-021-01961-8,"tag:project,tag:year,tag:status"
MJLQ35DQ,journalArticle,"A Chewable Cure ""Kanna"": Biological and Pharmaceutical Properties of Sceletium tortuosum",2021,10.3390/molecules26092557,https://doi.org/10.3390/molecules26092557,"tag:project,tag:year,tag:status"
QV32KKDH,journalArticle,"A randomized, double-blind, parallel-group, placebo-controlled trial of Extract Sceletium tortuosum (Zembrin) in healthy adults",2013,10.1089/acm.2012.0185,https://doi.org/10.1089/acm.2012.0185,"tag:project,tag:year,tag:status"
6YRN4AN7,journalArticle,Antidepressant effects of inhibitors of cAMP phosphodiesterase (PDE4),2004,10.1016/j.tips.2004.01.003,https://doi.org/10.1016/j.tips.2004.01.003,"tag:project,tag:year,tag:status"
56LBZIK2,journalArticle,"Acute effects of Sceletium tortuosum (Zembrin), a dual 5-HT reuptake and PDE4 inhibitor, in the human amygdala and its connection to the hypothalamus",2013,10.1038/npp.2013.183,https://doi.org/10.1038/npp.2013.183,"tag:project,tag:year,tag:status"
JZQJB99V,journalArticle,A broad review of commercially important southern African medicinal plants,2008,10.1016/j.jep.2008.05.029,https://doi.org/10.1016/j.jep.2008.05.029,"tag:project,tag:year,tag:status"
KSWA22Y3,journalArticle,A review of Khoi-San and Cape Dutch medical ethnobotany,2008,10.1016/j.jep.2008.07.021,https://doi.org/10.1016/j.jep.2008.07.021,"tag:project,tag:year,tag:status"
FZJVY4ER,journalArticle,"GC-MS, LC-MS(n), LC-high resolution-MS(n), and NMR studies on the metabolism and toxicological detection of mesembrine and mesembrenone, the main alkaloids of the legal high ""Kanna"" isolated from Sceletium tortuosum",2015,10.1007/s00216-014-8109-9,https://doi.org/10.1007/s00216-014-8109-9,"tag:project,tag:year,tag:status"
3HM6H2KZ,journalArticle,Mesembrine: The archetypal psycho-active Sceletium alkaloid,2019,10.1016/j.phytochem.2019.112061,https://doi.org/10.1016/j.phytochem.2019.112061,"issue,tag:project,tag:year,tag:status"
T4SLZZGI,journalArticle,Mesembryanthemum tortuosum L. alkaloids modify anxiety-like behaviour in a zebrafish model,2022,10.1016/j.jep.2022.115068,https://doi.org/10.1016/j.jep.2022.115068,"issue,tag:project,tag:year,tag:status"
CLMS4FPW,journalArticle,Neurobiology of addiction: a neurocircuitry analysis,2016,10.1016/S2215-0366(16)00104-8,https://doi.org/10.1016/S2215-0366(16)00104-8,"tag:project,tag:year,tag:status"
U7TL97SQ,journalArticle,"The future is written: impact of scripts on the cognition, selection, knowledge and transmission of medicinal plant use and its implications for ethnobotany and ethnopharmacology",2011,10.1016/j.jep.2011.01.017,https://doi.org/10.1016/j.jep.2011.01.017,"tag:project,tag:year,tag:status"
WRFE8XR6,journalArticle,Different Histories of Buchu: Euro-American Appropriation of San and Khoekhoe Knowledge of Buchu Plants,2007,10.3197/096734007x228309,https://doi.org/10.3197/096734007x228309,"tag:project,tag:year,tag:status"
UAKMPE3E,journalArticle,"Out of southern Africa: Origin, biogeography and age of the Aizooideae (Aizoaceae)",2017,https://doi.org/10.1016/j.ympev.2016.12.016,https://doi.org/https://doi.org/10.1016/j.ympev.2016.12.016,"issue,tag:project,tag:year,tag:status"
DMPRZF77,journalArticle,"Mesembrine alkaloids: Review of their occurrence, chemistry, and pharmacology",2017,10.1016/j.jep.2016.12.004,https://doi.org/10.1016/j.jep.2016.12.004,"issue,tag:project,tag:year,tag:status"
VZK2HCYA,journalArticle,"Addiction and the Brain: Development, Not Disease",2017,10.1007/s12152-016-9293-4,https://doi.org/10.1007/s12152-016-9293-4,"tag:project,tag:year,tag:status"
VRJKNGQD,journalArticle,A network pharmacology-based approach to explore the therapeutic potential of Sceletium tortuosum in the treatment of neurodegenerative disorders,2022,10.1371/journal.pone.0273583,https://doi.org/10.1371/journal.pone.0273583,"tag:project,tag:year,tag:status"
HBBIKLZA,journalArticle,Ethnopharmacology and biological activities of the Aizoaceae,2023,10.1016/j.jep.2022.115988,https://doi.org/10.1016/j.jep.2022.115988,"issue,tag:project,tag:year,tag:status"
CEIMDVWN,journalArticle,"In Vitro Permeation of Mesembrine Alkaloids from Sceletium tortuosum across Porcine Buccal, Sublingual, and Intestinal Mucosa",2011,10.1055/s-0031-1280367,https://doi.org/10.1055/s-0031-1280367,"tag:project,tag:year,tag:status"
BNN6AYPA,journalArticle,Review on plants with CNS-effects used in traditional South African medicine against mental diseases,2008,10.1016/j.jep.2008.08.010,https://doi.org/10.1016/j.jep.2008.08.010,"tag:project,tag:year,tag:status"
VCLBTQ7B,journalArticle,The effects of Sceletium tortuosum in an in vivo model of psychological stress,2011,10.1016/j.jep.2010.08.058,https://doi.org/10.1016/j.jep.2010.08.058,"tag:project,tag:year,tag:status"
2PG887HB,journalArticle,Correlates of hyperdiversity in southern African ice plants (Aizoaceae),2014,10.1111/boj.12117,https://doi.org/10.1111/boj.12117,"tag:project,tag:year,tag:status"
WL758W7P,journalArticle,"Sceletium for Managing Anxiety, Depression and Cognitive Impairment: A Traditional Herbal Medicine in Modern-Day Regulatory Systems",2021,10.2174/1570159X19666210215124737,https://doi.org/10.2174/1570159X19666210215124737,"tag:project,tag:year,tag:status"
A9TWH9PJ,journalArticle,The phosphodiesterase-4 (PDE4) inhibitor rolipram decreases ethanol seeking and consumption in alcohol-preferring Fawn-Hooded rats,2012,10.1111/j.1530-0277.2012.01845.x,https://doi.org/10.1111/j.1530-0277.2012.01845.x,"tag:project,tag:year,tag:status"
PL9SED9W,journalArticle,Immunomodulatory effects of Sceletium tortuosum (Trimesemine) elucidated in vitro: Implications for chronic disease,2018,10.1016/j.jep.2017.12.020,https://doi.org/10.1016/j.jep.2017.12.020,"issue,tag:project,tag:year,tag:status"
8MSAHTQ9,journalArticle,Electropharmacogram of Sceletium tortuosum extract based on spectral local field power in conscious freely moving rats,2016,10.1016/j.jep.2015.11.036,https://doi.org/10.1016/j.jep.2015.11.036,"issue,tag:project,tag:year,tag:status"
ZHEB4IJQ,journalArticle,Emerging Roles of Complement in Psychiatric Disorders,2019,10.3389/fpsyt.2019.00573,https://doi.org/10.3389/fpsyt.2019.00573,"issue,tag:project,tag:year,tag:status"
7ABDPJLE,journalArticle,Pharmacology of Herbal Sexual Enhancers: A Review of Psychiatric and Neurological Adverse Effects,2020,10.3390/ph13100309,https://doi.org/10.3390/ph13100309,"tag:project,tag:year,tag:status"
37CUBW29,journalArticle,"High-mesembrine Sceletium extract (Trimesemine) is a monoamine releasing agent, rather than only a selective serotonin reuptake inhibitor",2016,10.1016/j.jep.2015.11.034,https://doi.org/10.1016/j.jep.2015.11.034,"issue,tag:project,tag:year,tag:status"
FH4ETKZG,journalArticle,"Exploring Zembrin Extract Derived from South African Plant, Sceletium tortuosum in Targeting cAMP-driven Phosphodiesterase (PDE) Signaling in Alzheimerâs Disease: Synthesis of Evidence",2015,10.4172/2471-4372.1000104,https://doi.org/10.4172/2471-4372.1000104,"pages,tag:project,tag:year,tag:status"
E7ZS8S9H,journalArticle,An acute dose-ranging evaluation of the antidepressant properties of Sceletium tortuosum (Zembrin®) versus escitalopram in the Flinders Sensitive Line rat,2021,10.1016/j.jep.2021.114550,https://doi.org/10.1016/j.jep.2021.114550,"issue,tag:project,tag:year,tag:status"
UAVQBZQN,journalArticle,"Sceletium tortuosum-derived mesembrine significantly contributes to the anxiolytic effect of Zembrin(R), but its anti-depressant effect may require synergy of multiple plant constituents",2024,10.1016/j.jep.2023.117113,https://doi.org/10.1016/j.jep.2023.117113,"tag:project,tag:year,tag:status"
LG7HAEHM,journalArticle,Pharmacological actions of the South African medicinal and functional food plant Sceletium tortuosum and its principal alkaloids,2011,10.1016/j.jep.2011.07.035,https://doi.org/10.1016/j.jep.2011.07.035,"tag:project,tag:year,tag:status"
LEKF9AFQ,journalArticle,"Ergogenic Effects of 8 Days of Sceletium Tortuosum Supplementation on Mood, Visual Tracking, and Reaction in Recreationally Trained Men and Women",2020,10.1519/JSC.0000000000003693,https://doi.org/10.1519/JSC.0000000000003693,"journalAbbreviation,tag:project,tag:year,tag:status"
TU9LFIKC,journalArticle,A toxicological safety assessment of a standardized extract of Sceletium tortuosum (Zembrin(R)) in rats,2014,10.1016/j.fct.2014.09.017,https://doi.org/10.1016/j.fct.2014.09.017,"issue,tag:project,tag:year,tag:status"
34KZ7KEU,journalArticle,Sceletium tortuosum may delay chronic disease progression via alkaloid-dependent antioxidant or anti-inflammatory action,2018,10.1007/s13105-018-0620-6,https://doi.org/10.1007/s13105-018-0620-6,"tag:project,tag:year,tag:status"
VQ98FK7W,journalArticle,Effect of Zembrin((R)) and four of its alkaloid constituents on electric excitability of the rat hippocampus,2018,10.1016/j.jep.2018.05.010,https://doi.org/10.1016/j.jep.2018.05.010,"issue,tag:project,tag:year,tag:status"
HMWF8EQP,journalArticle,"GC-MS, LC-MSn , LC-high resolution-MSn , and NMR studies on the metabolism and toxicological detection of mesembrine and mesembrenone, the main alkaloids of the legal high “Kanna” isolated from Sceletium tortuosum",2014,10.1002/dta.1621,https://doi.org/10.1002/dta.1621,
P3KWDR62,journalArticle,Effect of Zembrin® and four of its alkaloid constituents on electric excitability of the rat hippocampus,2018,10.1186/1471-2210-11-2,https://doi.org/10.1186/1471-2210-11-2,"pages,abstractNote"
F5E36E83,journalArticle,HHS Public Access,2018,10.1016/j.biopsych.2015.10.024,https://doi.org/10.1016/j.biopsych.2015.10.024,
NKB2QZHU,journalArticle,"NMR structural elucidation of channaine, an unusual alkaloid from Sceletium tortuosum",2018,10.1016/j.phytol.2017.11.018,https://doi.org/10.1016/j.phytol.2017.11.018,issue
Q7A8MI2Z,journalArticle,Phylogenetic analysis and diversity of novel endophytic fungi isolated from medicinal plant Sceletium tortuosum,2018,10.1016/j.phytol.2018.06.004,https://doi.org/10.1016/j.phytol.2018.06.004,issue
SNGSI8BD,journalArticle,Journal of Advanced Pharmacy Research,2019,10.21608/APRH.2019.12303.1083,https://doi.org/10.21608/APRH.2019.12303.1083,
4P9WQ5ZT,journalArticle,"Sceletorines A and B, two minor novel dimeric alkaloids of Mesembryanthemum tortuosum (synonym Sceletium tortuosum)",2019,10.1016/j.phytol.2019.03.013,https://doi.org/10.1016/j.phytol.2019.03.013,issue
N3RNZPN2,journalArticle,Sceletium tortuosum (Zembrin@) ameliorates experimentally induced anxiety in healthy volunteers,2020,10.1111/j.2044-8341.1974.tb02285.x,https://doi.org/10.1111/j.2044-8341.1974.tb02285.x,
X7JNBBNV,journalArticle,In vitro and ex vivo vegetative propagation and cytokinin profles of Sceletium tortuosum (L.) N. E. Br.: a South African medicinal plant,2021,10.1155/2014/275028,https://doi.org/10.1155/2014/275028,issue
4DU2H5RZ,journalArticle,Chapter,2023,10.5772/intechopen.96473,https://doi.org/10.5772/intechopen.96473,"volume,issue,pages,journalAbbreviation,ISSN"
XRQJB4CU,journalArticle,Chapter,2023,10.5772/intechopen.96473,https://doi.org/10.5772/intechopen.96473,"volume,issue,pages,journalAbbreviation,ISSN"
9IUDZUXZ,journalArticle,Chapter,2023,10.5772/intechopen.82049,https://doi.org/10.5772/intechopen.82049,"volume,issue,pages,journalAbbreviation,ISSN"
M3UD3NZ8,journalArticle,A conceptual framework for psychosocial health management grounded in the therapeutic merits of indigenous KhoiSan health dialogues,2021,10.1016/j.ijintrel.2017.04.009,https://doi.org/10.1016/j.ijintrel.2017.04.009,"issue,abstractNote"
DMQ37DEW,journalArticle,"Sceletium tortuosum: A review on its phytochemistry, pharmacokinetics, biological and clinical activities",2021,10.1517/17425247.2012.636801,https://doi.org/10.1517/17425247.2012.636801,
TPC4WTAM,journalArticle,Chapter,2023,10.5772/intechopen.82049,https://doi.org/10.5772/intechopen.82049,"volume,issue,pages,journalAbbreviation,ISSN"
TNAQGDVX,journalArticle,"Sceletium Plant Species: Alkaloidal Components, Chemistry and Ethnopharmacology",2023,10.5772/66482,https://doi.org/10.5772/66482,"volume,issue,pages,journalAbbreviation,ISSN"
DSKD6U7Z,journalArticle,The genetic prehistory of southern Africa,2024,10.1534/genetics.112.145037,https://doi.org/10.1534/genetics.112.145037,journalAbbreviation
RMJ8ICM8,journalArticle,Chapter,2023,10.5772/intechopen.96473,https://doi.org/10.5772/intechopen.96473,"volume,issue,pages,journalAbbreviation,ISSN"
7BPXGRNI,journalArticle,Effect of Zembrin® and four of its alkaloid constituents on electric excitability of the rat hippocampus,2025,10.1186/1471-2210-11-2,https://doi.org/10.1186/1471-2210-11-2,"pages,abstractNote"
U6ZWG268,journalArticle,Immunomodulatory effects of Sceletium tortuosum (Trimesemine™) elucidated in vitro: Implications for chronic disease,2025,10.1007/s11920-014-0541-1,https://doi.org/10.1007/s11920-014-0541-1,pages
BDBHAC4G,journalArticle,Variabilities in alkaloid concentration of Sceletium tortuosum (L.) N.E. Br in response to different soilless growing media and fertigation regimes in hydroponics,2025,,,"identifier,publicationTitle,volume,issue,pages,journalAbbreviation,ISSN"
TAVIEHZF,journalArticle,The chemotypic variation of Sceletium tortuosum alkaloids and commercial product formulations,2025,,,"identifier,publicationTitle,volume,issue,pages,journalAbbreviation,ISSN"
XIPFIQND,journalArticle,Review Pharmacology of Herbal Sexual Enhancers: A Review of Psychiatric and Neurological Adverse Effects,2025,,,"identifier,publicationTitle,volume,issue,pages,journalAbbreviation,ISSN,abstractNote"
24KV43NN,journalArticle,HPLC Analysis of Mesembrine-Type Alkaloids in Sceletium Plant Material Used as An African Traditional Medicine,2025,,,"identifier,publicationTitle,volume,issue,pages,journalAbbreviation,ISSN,abstractNote"
3JZ68NUH,journalArticle,Review on plants with CNS-effects used in traditional South African medicine against mental diseases,2025,,,"identifier,publicationTitle,volume,issue,pages,journalAbbreviation,ISSN"
ND3Z59M8,journalArticle,Correlates of hyperdiversity in southern African ice plants (Aizoaceae),2025,,,"identifier,publicationTitle,volume,issue,pages,journalAbbreviation,ISSN,abstractNote"
7F633RFJ,journalArticle,Biopiracy: Crying wolf or a lever for equity and conservation?,2025,10.1016/S0921-8009(01,,"publicationTitle,volume,issue,pages,journalAbbreviation,ISSN"
4GEB5GG7,journalArticle,An acute dose-ranging evaluation of the antidepressant properties of Sceletium tortuosum (Zembrin $\textsuperscript { \textregistered }$ ) versus escitalopram in the Flinders Sensitive Line rat.,2025,10.1016/S0278-,,"publicationTitle,volume,issue,pages,journalAbbreviation,ISSN"
KJ5ZPCPQ,journalArticle,A Chewable Cure “Kanna”: Biological and Pharmaceutical Properties of Sceletium tortuosum,2025,,,"identifier,publicationTitle,volume,issue,pages,journalAbbreviation,ISSN,abstractNote"
XQI4NID2,journalArticle,"PDE4-inhibitors: A novel, targeted therapy for obstructive airways disease",2025,10.1016/j.pupt.2010.12.011฀,,"publicationTitle,volume,issue,pages,journalAbbreviation,ISSN,abstractNote"
DQCW643Z,journalArticle,"Out of southern Africa: Origin, biogeography and age of the Aizooideae (Aizoaceae)",2025,10.1016/j.ympev.2016.12,,"publicationTitle,volume,issue,pages,journalAbbreviation,ISSN"
GP7SM3U4,journalArticle,Novel psychoactive substances of interest for psychiatry,2025,,,"identifier,publicationTitle,volume,issue,pages,journalAbbreviation,ISSN,abstractNote"
WW7W7BFF,journalArticle,Review,2025,10.1016/S0040-4039(01,,"publicationTitle,volume,issue,pages,journalAbbreviation,ISSN"
8FZ8Z2UF,journalArticle,CHAPTER 19,2025,,,"identifier,publicationTitle,volume,issue,pages,journalAbbreviation,ISSN,abstractNote"
UGJRG5GB,journalArticle,Sceletium—A review update,2025,,,"identifier,publicationTitle,volume,issue,pages,journalAbbreviation,ISSN"
QTXAHI4X,journalArticle,"Acute Effects of Sceletium tortuosum (Zembrin), a Dual 5-HT Reuptake and PDE4 Inhibitor, in the Human Amygdala and its Connection to the Hypothalamus",2025,10.1038/npp.2013.183;,,"publicationTitle,volume,issue,pages,journalAbbreviation,ISSN,abstractNote"
38R8JUP9,journalArticle,"Skeletons in the closet?   Using a bibliometric lens to visualise phytochemical and pharmacological activities linked to Sceletium, a mood enhancer",2023,,,"identifier,publicationTitle,volume,issue,pages,journalAbbreviation,ISSN,abstractNote"
FIHZFXII,journalArticle,Plant-based Medicines (Phytoceuticals) in the Treatment of Psychiatric Disorders: A Meta-review of Meta-analyses of Randomized Controlled Trials,2021,,,"identifier,publicationTitle,volume,issue,pages,journalAbbreviation,ISSN"
NKE8PWRK,journalArticle,An acute dose-ranging evaluation of the antidepressant properties of Sceletium tortuosum (Zembrin $\textsuperscript { \textregistered }$ ） versus escitalopram in the Flinders Sensitive Line rat.,2021,10.1016/S0278-,,"publicationTitle,volume,issue,pages,journalAbbreviation,ISSN"
JTKB7HXZ,journalArticle,Taxonomic significance of leaves in family Aizoaceae,2020,,,"identifier,publicationTitle,volume,issue,pages,journalAbbreviation,ISSN"
KN2RTNP9,journalArticle,Review Pharmacology of Herbal Sexual Enhancers: A Review of Psychiatric and Neurological Adverse Effects,2020,,,"identifier,publicationTitle,volume,issue,pages,journalAbbreviation,ISSN,abstractNote"
4EV2SS5X,journalArticle,PDE inhibition in distinct cell types to reclaim the balance of synaptic plasticity,2020,,,"identifier,publicationTitle,volume,issue,pages,journalAbbreviation,ISSN"
K8SEQ3A3,journalArticle,Ethnopharmacology and biological activities of the Aizoaceae,2022,10.4103/pr,,"publicationTitle,volume,issue,pages,journalAbbreviation,ISSN"
APEV8ZHP,journalArticle,"Article Effects of Zembrin® (Sceletium tortuosum) Supplementation on Mood, Soreness, and Performance Following Unaccustomed Resistance Exercise: A Pilot Study",2021,,,"identifier,publicationTitle,volume,issue,pages,journalAbbreviation,ISSN,abstractNote"
DMTCI27I,journalArticle,In Silico Docking Analysis of Few Antidepressant Phytoconstituents of South African Endemic Plant Sceletium tortuosum,2021,,,"identifier,publicationTitle,volume,issue,pages,journalAbbreviation,ISSN"
98UBGTPD,journalArticle,"Review Ethnopharmacology, Therapeutic Properties and Nutritional Potentials of Carpobrotus edulis: A Comprehensive Review",2020,,,"identifier,publicationTitle,volume,issue,pages,journalAbbreviation,ISSN,abstractNote"
TSSUAZ2B,journalArticle,Neurocircuitry of Addiction,2019,10.1038/npp.2009.110;,,"publicationTitle,volume,issue,pages,journalAbbreviation,ISSN,abstractNote"
UJSIGJMU,journalArticle,Review,2019,10.1016/S0040-4039(01,,"publicationTitle,volume,issue,pages,journalAbbreviation,ISSN"
93WGBRHI,journalArticle,"Acute Effects of Sceletium tortuosum (Zembrin), a Dual 5-HT Reuptake and PDE4 Inhibitor, in the Human Amygdala and its Connection to the Hypothalamus",2019,10.1038/npp.2013.183;,,"publicationTitle,volume,issue,pages,journalAbbreviation,ISSN,abstractNote"
P8H3QP7P,journalArticle,Non-destructive quality assessment of herbal tea blends using hyperspectral imaging,2018,,,"identifier,publicationTitle,volume,issue,pages,journalAbbreviation,ISSN"
MKI7EXTD,journalArticle,HHS Public Access,2017,,,"identifier,publicationTitle,volume,issue,pages,journalAbbreviation,ISSN"
8TA7IK3B,journalArticle,Chapter 4 The PDE4 cAMP-Specific Phosphodiesterases: Targets for Drugs with Antidepressant and Memory-Enhancing Action,2017,,,"identifier,publicationTitle,volume,issue,pages,journalAbbreviation,ISSN,abstractNote"
D5ZJC7SD,journalArticle,Chapter 4 The PDE4 cAMP-Specific Phosphodiesterases: Targets for Drugs with Antidepressant and Memory-Enhancing Action,2017,,,"identifier,publicationTitle,volume,issue,pages,journalAbbreviation,ISSN,abstractNote"
KNWCD2MF,journalArticle,Chapter 4 The PDE4 cAMP-Specific Phosphodiesterases: Targets for Drugs with Antidepressant and Memory-Enhancing Action,2017,,,"identifier,publicationTitle,volume,issue,pages,journalAbbreviation,ISSN,abstractNote"
77SHJFVE,journalArticle,Review,2016,,,"identifier,publicationTitle,volume,issue,pages,journalAbbreviation,ISSN"
D3XS6NS8,journalArticle,Khoisan wind: hunting and healing,2016,,,"identifier,publicationTitle,volume,issue,pages,journalAbbreviation,ISSN,abstractNote"
646NIH8Q,journalArticle,A toxicological safety assessment of a standardized extract of Sceletium tortuosum (Zembrin®) in rats,2014,,,"identifier,publicationTitle,volume,issue,pages,journalAbbreviation,ISSN"
RWTP28QA,journalArticle,Royal pharmaceuticals:,2016,,,"identifier,publicationTitle,volume,issue,pages,journalAbbreviation,ISSN"
BIEXTRV2,journalArticle,The Phosphodiesterase-4 (PDE4) Inhibitor Rolipram Decreases Ethanol Seeking and Consumption in Alcohol-preferring FawnHooded Rats,2015,,,"identifier,publicationTitle,volume,issue,pages,journalAbbreviation,ISSN"
8MMVQ4P6,journalArticle,Proof-of-Concept Randomized Controlled Study of Cognition Effects of the Proprietary Extract Sceletium tortuosum (Zembrin) Targeting Phosphodiesterase-4 in Cognitively Healthy Subjects: Implications for Alzheimer's Dementia,2015,,,"identifier,publicationTitle,volume,issue,pages,journalAbbreviation,ISSN,abstractNote"
BIPIQPCW,journalArticle,S-EM-8-2-165-14-272-Sobiecki-J-F-Tx[7].pmd,2014,,,"identifier,publicationTitle,volume,issue,pages,journalAbbreviation,ISSN,abstractNote"
V5VU2DAA,journalArticle,Different Histories of Buchu: Euro-American Appropriation of San and Khoekhoe Knowledge of Buchu Plants,2012,,,"identifier,publicationTitle,volume,issue,pages,journalAbbreviation,ISSN"
5ZFQUW4D,journalArticle,Review,2011,,,"identifier,publicationTitle,volume,issue,pages,journalAbbreviation,ISSN"
TIJX9R6S,journalArticle,The effects of Sceletium tortuosum in an in vivo model of psychological stress,2010,,,"identifier,publicationTitle,volume,issue,pages,journalAbbreviation,ISSN"
SSDXIPJ5,journalArticle,The Botanical and Chemical Distribution of Hallucinogens\*,2010,,,"identifier,publicationTitle,volume,issue,pages,journalAbbreviation,ISSN,abstractNote"
ST2VH9V7,journalArticle,The Botanical and Chemical Distribution of Hallucinogens\*,2010,,,"identifier,publicationTitle,volume,issue,pages,journalAbbreviation,ISSN,abstractNote"
EB8A33T3,journalArticle,Correlates of hyperdiversity in southern African ice plants (Aizoaceae),2013,,,"identifier,publicationTitle,volume,issue,pages,journalAbbreviation,ISSN,abstractNote"
SZI2J2ND,journalArticle,Review,2011,,,"identifier,publicationTitle,volume,issue,pages,journalAbbreviation,ISSN"
65EEA4JV,journalArticle,Phosphodiesterase-4D Knock-Out and RNA Interference-Mediated Knock-Down Enhance Memory and Increase Hippocampal Neurogenesis via Increased cAMP Signaling,2010,,,"identifier,publicationTitle,volume,issue,pages,journalAbbreviation,ISSN,abstractNote"
TFN8CD8J,journalArticle,A broad review of commercially important southern African medicinal plants B.-E. van Wyk∗,2008,,,"identifier,publicationTitle,volume,issue,pages,journalAbbreviation,ISSN"
Z8BHHRG2,journalArticle,The narrow-leaf syndrome: a functional and evolutionary approach to the form of fog-harvesting rosette plants,2007,,,"identifier,publicationTitle,volume,issue,pages,journalAbbreviation,ISSN,abstractNote"
SQSSQBER,journalArticle,"Sceletium Alkaloids. Part 7.1 Structure and Absolute Stereochemistry of (-)-Mesembrane and $\pmb { 3 ^ { \prime } }$ -Methoxy- $\pmb { 4 } ^ { \prime } \pmb { - 0 }$ -methyljoubertiamine, Two Minor Bases from S. Namaquense L. Bolus: $\pmb { \chi }$ Ray Analysis of (一)- Mesembrane Hydrochloride Monohydrate",2003,,,"identifier,publicationTitle,volume,issue,pages,journalAbbreviation,ISSN,abstractNote"
RXUDSBJW,journalArticle,The Botanical and Chemical Distribution of Hallucinogens\*,2010,,,"identifier,publicationTitle,volume,issue,pages,journalAbbreviation,ISSN,abstractNote"
HJJ9WRG8,journalArticle,101 Aizoaceae,2009,,,"identifier,publicationTitle,volume,issue,pages,journalAbbreviation,ISSN,abstractNote"
CC9Z4VRW,journalArticle,REVIEW,2008,10.1038/bjp.2008.307;,,"publicationTitle,volume,issue,pages,journalAbbreviation,ISSN,abstractNote"
JDUW88GU,journalArticle,CHAPTER 19,2008,,,"identifier,publicationTitle,volume,issue,pages,journalAbbreviation,ISSN,abstractNote"
GT3EU8D2,journalArticle,Some ethnopharmacological notes on African hallucinogens,2003,,,"identifier,publicationTitle,volume,issue,pages,journalAbbreviation,ISSN"
QP38TVZ8,journalArticle,"Sceletium Alkaloids. Part 7.1 Structure and Absolute Stereochemistry of (-)-Mesembrane and $\pmb { 3 ^ { \prime } }$ -Methoxy- $\pmb { 4 } ^ { \prime } \pmb { - 0 }$ -methyljoubertiamine, Two Minor Bases from S. Namaquense L. Bolus: $\pmb { \chi }$ Ray Analysis of (一)- Mesembrane Hydrochloride Monohydrate",2003,,,"identifier,publicationTitle,volume,issue,pages,journalAbbreviation,ISSN,abstractNote"
BZK5AHID,journalArticle,"Sceletium Alkaloids. Part 7.1 Structure and Absolute Stereochemistry of (-)-Mesembrane and $\pmb { 3 ^ { \prime } }$ -Methoxy- $\pmb { 4 } ^ { \prime } \pmb { - 0 }$ -methyljoubertiamine, Two Minor Bases from S. Namaquense L. Bolus: $\pmb { \chi }$ Ray Analysis of (一)- Mesembrane Hydrochloride Monohydrate",2003,,,"identifier,publicationTitle,volume,issue,pages,journalAbbreviation,ISSN,abstractNote"
F8XAX2GM,journalArticle,Untitled,,,,"creators,year,identifier,publicationTitle,volume,issue,pages,journalAbbreviation,ISSN,abstractNote,tag:year"
VUG479CW,journalArticle,Self-Medication and the Trade in Medicine within a Multi-Ethnic Context: A Case Study of South Africa from the Mid-Nineteenth to Mid-Twentieth Centuries,2005,10.1093/shm/hki045,http://academic.oup.com/shm/article/18/3/439/1691499/SelfMedication-and-the-Trade-in-Medicine-within-a,"journalAbbreviation,tag:project,tag:year,tag:status"
TMZGBY56,journalArticle,Sceletium Tortuosum: Effects on Central Nervous System and Related Disease,2020,10.5281/ZENODO.4015978,https://zenodo.org/record/4015978,"journalAbbreviation,ISSN,tag:project,tag:year,tag:status"
9SQES6RU,journalArticle,Phosphodiesterase-4 enzyme as a therapeutic target in neurological disorders,2020,10.1016/j.phrs.2020.105078,https://linkinghub.elsevier.com/retrieve/pii/S1043661820313864,"issue,abstractNote,tag:project,tag:year,tag:status"
2UCEFY44,journalArticle,"Royal pharmaceuticals: Bioprospecting, rights, and traditional authority in South Africa",2016,10.1111/amet.12344,https://anthrosource.onlinelibrary.wiley.com/doi/10.1111/amet.12344,"tag:project,tag:year,tag:status"
NRNRYM48,bookSection,The Importance of <i>Sceletium tortuosum</i> (L.) N.E. Brown and Its Viability as a Traditional African Medicinal Plant,2022,,https://www.intechopen.com/chapters/75402,"tag:project,tag:year,tag:status"
ZPFFF84C,journalArticle,Some ethnopharmacological notes on African hallucinogens,1996,10.1016/0378-8741(95)01337-7,https://linkinghub.elsevier.com/retrieve/pii/0378874195013377,"tag:project,tag:year,tag:status"
GYSGH68W,journalArticle,To ferment or not to ferment Sceletium tortuosum – Do our ancestors hold the answer?,2019,10.1016/j.sajb.2018.10.011,https://linkinghub.elsevier.com/retrieve/pii/S0254629918310743,"issue,tag:project,tag:year,tag:status"
ATLUADAT,journalArticle,"PDE4-inhibitors: A novel, targeted therapy for obstructive airways disease",2011,10.1016/j.pupt.2010.12.011,https://linkinghub.elsevier.com/retrieve/pii/S109455391100006X,"abstractNote,tag:project,tag:year,tag:status"
P87BUEC3,journalArticle,Variabilities in alkaloid concentration of Sceletium tortuosum (L.) N.E. Br in response to different soilless growing media and fertigation regimes in hydroponics,2020,10.1016/j.heliyon.2020.e05479,https://linkinghub.elsevier.com/retrieve/pii/S2405844020323227,"tag:project,tag:year,tag:status"
L7RH6HBG,journalArticle,Treatment of anxiety and depression: medicinal plants in retrospect,2016,10.1111/fcp.12186,https://onlinelibrary.wiley.com/doi/10.1111/fcp.12186,"tag:project,tag:year,tag:status"
5RR7H3S9,journalArticle,Biopiracy: Crying wolf or a lever for equity and conservation?,2023,10.1016/j.respol.2022.104674,https://linkinghub.elsevier.com/retrieve/pii/S0048733322001950,"tag:project,tag:year,tag:status"
6APCI66Z,journalArticle,Proof-of-Concept Randomized Controlled Study of Cognition Effects of the Proprietary Extract <i>Sceletium tortuosum</i> (Zembrin) Targeting Phosphodiesterase-4 in Cognitively Healthy Subjects: Implications for Alzheimer’s Dementia,2014,10.1155/2014/682014,http://www.hindawi.com/journals/ecam/2014/682014/,"tag:project,tag:year,tag:status"
D7SKP2QK,journalArticle,"Psychophysiological Effects of Zembrin&lt;sup&gt;&#174;&lt;/Sup&gt;using Quantitative Eeg Source Density in Combination with Eye-Tracking in 60 Healthy Subjects. a Double-Blind, Randomized, Placebo-Controlled, 3-Armed Study with Parallel Design",2016,10.4236/nm.2016.73013,http://www.scirp.org/journal/doi.aspx?DOI=10.4236/nm.2016.73013,"abstractNote,tag:project,tag:year,tag:status"
NDHZGVAI,journalArticle,Sceletium—A review update,2008,10.1016/j.jep.2008.07.043,https://linkinghub.elsevier.com/retrieve/pii/S0378874108004042,"tag:project,tag:year,tag:status"
AM3LZVRF,journalArticle,Neuroimmune mechanisms of psychostimulant and opioid use disorders,2019,10.1111/ejn.14143,https://onlinelibrary.wiley.com/doi/10.1111/ejn.14143,"tag:project,tag:year,tag:status"
SMDMDN6W,journalArticle,Psychoactive Plants: A Neglected Area of Ethnobotanical Research in Southern Africa (Review),2014,10.1080/09735070.2014.11917631,https://www.tandfonline.com/doi/full/10.1080/09735070.2014.11917631,"tag:project,tag:year,tag:status"
VG24EXIM,journalArticle,Screening selected medicinal plants for potential anxiolytic activity using an in vivo zebrafish model,2020,10.1007/s00213-020-05642-5,https://link.springer.com/10.1007/s00213-020-05642-5,"tag:project,tag:year,tag:status"
96NRP2GU,journalArticle,The Botanical and Chemical Distribution of Hallucinogens,1970,10.1146/annurev.pp.21.060170.003035,https://www.annualreviews.org/doi/10.1146/annurev.pp.21.060170.003035,"abstractNote,tag:project,tag:year,tag:status"
ZTYVW9FR,journalArticle,Role of Traditional and Alternative Medicine in Treatment of Ulcerative Colitis,2013,10.13140/2.1.1130.3360,http://rgdoi.net/10.13140/2.1.1130.3360,"pages,journalAbbreviation,ISSN,tag:project,tag:year,tag:status"
LC9GUMVE,journalArticle,"Antidepressant Effects of South African Plants: An Appraisal of Ethnobotanical Surveys, Ethnopharmacological and Phytochemical Studies",2022,10.3389/fphar.2022.895286,https://www.frontiersin.org/articles/10.3389/fphar.2022.895286/full,"issue,tag:project,tag:year,tag:status"
SYVLMJ8B,bookSection,The PDE4 cAMP-Specific Phosphodiesterases: Targets for Drugs with Antidepressant and Memory-Enhancing Action,2017,,http://link.springer.com/10.1007/978-3-319-58811-7_4,"tag:project,tag:year,tag:status"
4MQTZPKJ,journalArticle,"Ethnobotanical research in sub-Saharan Africa – documenting and analysing indigenous knowledge about medicinal, edible and other useful plants",2019,10.1016/j.sajb.2019.04.020,https://linkinghub.elsevier.com/retrieve/pii/S0254629919307549,"issue,abstractNote,tag:project,tag:year,tag:status"
CUQIUTS5,journalArticle,The potential of South African plants in the development of new medicinal products,2011,10.1016/j.sajb.2011.08.011,https://linkinghub.elsevier.com/retrieve/pii/S0254629911001190,"tag:project,tag:year,tag:status"
CZHV88WA,journalArticle,Traditional perinatal plant knowledge in Sub-Saharan Africa: Comprehensive compilation and secondary analysis,2023,10.1016/j.sajb.2023.01.007,https://linkinghub.elsevier.com/retrieve/pii/S0254629923000091,"issue,tag:project,tag:year,tag:status"
N49TWQ46,journalArticle,The chemotypic variation of Sceletium tortuosum alkaloids and commercial product formulations,2012,10.1016/j.bse.2012.06.025,https://linkinghub.elsevier.com/retrieve/pii/S0305197812001378,"issue,tag:project,tag:year,tag:status"
ZL4L8DKJ,journalArticle,PDE inhibition in distinct cell types to reclaim the balance of synaptic plasticity,2021,10.7150/thno.50701,https://www.thno.org/v11p2080.htm,"tag:project,tag:year,tag:status"
HZT39TZG,journalArticle,<i>Sceletium tortuosum</i> (Zembrin <sup>®</sup> ) ameliorates experimentally induced anxiety in healthy volunteers,2020,10.1002/hup.2753,https://onlinelibrary.wiley.com/doi/10.1002/hup.2753,"tag:project,tag:year,tag:status"
5HQV3D3B,bookSection,"Sceletium Plant Species: Alkaloidal Components, Chemistry and Ethnopharmacology",2017,,http://www.intechopen.com/books/alkaloids-alternatives-in-synthesis-modification-and-application/sceletium-plant-species-alkaloidal-components-chemistry-and-ethnopharmacology,"tag:project,tag:year,tag:status"
2Q66MQEG,journalArticle,Chemotaxonomic studies of mesembrine-type alkaloids in Sceletium plant species,2013,10.1590/sajs.2013/882,https://sajs.co.za/article/view/3858,"tag:project,tag:year,tag:status"
57X5IRZY,journalArticle,HPLC Analysis of Mesembrine-Type Alkaloids in Sceletium Plant Material Used as An African Traditional Medicine,2010,10.18433/J3DK5F,https://journals.library.ualberta.ca/jpps/index.php/JPPS/article/view/9395,"tag:project,tag:year,tag:status"
N37GPC3H,journalArticle,Sceletium tortuosum demonstrates in vitro anti-HIV and free radical scavenging activity,2016,10.1016/j.sajb.2016.06.009,https://linkinghub.elsevier.com/retrieve/pii/S0254629916303659,"issue,tag:project,tag:year,tag:status"
74TS7XR3,journalArticle,Antibacterial activity of endophytic fungi isolated from Sceletium tortuosum L. (Kougoed),2019,10.1007/s13213-019-1444-5,https://annalsmicrobiology.biomedcentral.com/articles/10.1007/s13213-019-1444-5,"tag:project,tag:year,tag:status"
TGG23F7P,journalArticle,Khoisan Wind: Hunting and Healing,2007,,,"identifier,issue,journalAbbreviation,tag:project,tag:year,tag:status"
S23LV6EQ,journalArticle,Quantification of mesembrine and mesembrenone in mouse plasma using UHPLC‐QToF‐MS: Application to a pharmacokinetic study,2017,10.1002/bmc.3815,https://analyticalsciencejournals.onlinelibrary.wiley.com/doi/10.1002/bmc.3815,"tag:project,tag:year,tag:status"
TQVMSAYQ,book,"Determinants of addiction: neurobiological, behavioral, cognitive, and sociocultural factors",2023,,,"identifier,tag:project,tag:year,tag:status"
QBPR7RV4,journalArticle,In vitro and ex vivo vegetative propagation and cytokinin profiles of Sceletium tortuosum (L.) N. E. Br.: a South African medicinal plant,2021,10.1007/s11240-020-02001-2,http://link.springer.com/10.1007/s11240-020-02001-2,"tag:project,tag:year,tag:status"
USM5YGFA,journalArticle,Learning to forget: manipulating extinction and reconsolidation processes to treat addiction,2013,10.1007/s00213-012-2750-9,http://link.springer.com/10.1007/s00213-012-2750-9,"tag:project,tag:year,tag:status"
TCGEDL9U,journalArticle,Plant-based Medicines (Phytoceuticals) in the Treatment of Psychiatric Disorders: A Meta-review of Meta-analyses of Randomized Controlled Trials: Les médicaments à base de plantes (phytoceutiques) dans le traitement des troubles psychiatriques: une méta-revue des méta-analyses d’essais randomisés contrôlés,2021,10.1177/0706743720979917,http://journals.sagepub.com/doi/10.1177/0706743720979917,"tag:project,tag:year,tag:status"
ITI88UKS,journalArticle,PDE4 inhibitors: current status,2008,10.1038/bjp.2008.307,https://bpspubs.onlinelibrary.wiley.com/doi/10.1038/bjp.2008.307,"tag:project,tag:year,tag:status"
E69NHV2H,journalArticle,Novel psychoactive substances of interest for psychiatry,2015,10.1002/wps.20174,https://onlinelibrary.wiley.com/doi/10.1002/wps.20174,"tag:project,tag:year,tag:status"
7Q7S3XZF,bookSection,Dopamine/serotonin releasers as medications for stimulant addictions,2008,,https://linkinghub.elsevier.com/retrieve/pii/S0079612308009199,"tag:project,tag:year,tag:status"
3359873V,bookSection,Medicinal Plants for Treatment of Prevalent Diseases,2019,,https://www.intechopen.com/books/pharmacognosy-medicinal-plants/medicinal-plants-for-treatment-of-prevalent-diseases,"tag:project,tag:year,tag:status"
QZYK5RNR,journalArticle,Alternative Models of Addiction,2015,10.3389/fpsyt.2015.00020,http://journal.frontiersin.org/Article/10.3389/fpsyt.2015.00020/abstract,"issue,pages,abstractNote,tag:project,tag:year,tag:status"
KFEU5I77,journalArticle,"Corrigendum to “Sceletium tortuosum: A review on its phytochemistry, pharmacokinetics, biological and clinical activities” [J. Ethnopharmacol. 280 (2021) 114476]",2022,10.1016/j.jep.2021.114712,https://linkinghub.elsevier.com/retrieve/pii/S0378874121009417,"issue,abstractNote,tag:project,tag:year,tag:status"
TYM26YQD,journalArticle,Phosphodiesterase 4 inhibitors and drugs of abuse: current knowledge and therapeutic opportunities,2016,10.1007/s11515-016-1424-0,http://link.springer.com/10.1007/s11515-016-1424-0,"tag:project,tag:year,tag:status"
MBETC5VT,journalArticle,"Sceletium tortuosum: A review on its phytochemistry, pharmacokinetics, biological, pre-clinical and clinical activities",2022,10.1016/j.jep.2021.114711,https://linkinghub.elsevier.com/retrieve/pii/S0378874121009405,"issue,tag:project,tag:year,tag:status"
HR2R98Z7,journalArticle,Neuroimmune Mechanisms as Novel Treatment Targets for Substance Use Disorders and Associated Comorbidities,2021,10.3389/fnins.2021.650785,https://www.frontiersin.org/articles/10.3389/fnins.2021.650785/full,"issue,tag:project,tag:year,tag:status"
LJ94ZYIU,journalArticle,"Plasticity in the Hippocampus, Neurogenesis and Drugs of Abuse",2021,10.3390/brainsci11030404,https://www.mdpi.com/2076-3425/11/3/404,"tag:project,tag:year,tag:status"
625T5JLH,journalArticle,SAMANTHA REINDERS FOR NATURE,,,,"year,identifier,publicationTitle,volume,issue,pages,journalAbbreviation,ISSN,abstractNote,tag:project,tag:year,tag:status"
S6Q2BCRU,journalArticle,"Skeletons in the closet? – Using a bibliometric lens to visualise phytochemical and pharmacological activities linked to Sceletium, a mood enhancer",,,,"year,identifier,publicationTitle,volume,issue,pages,journalAbbreviation,ISSN,abstractNote,tag:project,tag:year,tag:status"
ZUVZV32V,journalArticle,"Strengthening indigenous governance, benefit sharing and capacity building for traditional phytomedicines",2018,,,"identifier,volume,issue,pages,journalAbbreviation,ISSN,abstractNote,tag:project,tag:year,tag:status"
EU54NNWH,journalArticle,In Silico Docking Analysis of Few Antidepressant Phytoconstituents of South African Endemic Plant Sceletium tortuosum,,,,"year,identifier,publicationTitle,issue,pages,journalAbbreviation,ISSN,tag:project,tag:year,tag:status"
BGAJ8JE6,bookSection,"Kabbo’s !Kwaiń: The Past, Present and Possible Future of Kanna",2018,,,"identifier,tag:project,tag:year,tag:status"
S5XMFVSI,bill,"Psychological Effects of 8 Weeks Supplementation With Sceletium Tortuosum Extract (Zembrin™): a Randomised, Double Blind, Placebo-controlled, Parallel-groups Trial",2022,,,"identifier,tag:project,tag:year,tag:status"
5YU9IGV8,journalArticle,"Wind, Life, Health Anthropological and Historical",,,,"year,identifier,volume,issue,pages,journalAbbreviation,ISSN,abstractNote,tag:project,tag:year,tag:status"
GXDUDJV4,book,THE-LOST-HISTORY-OF-KHOI-SAN,,,,"year,identifier,abstractNote,tag:project,tag:year,tag:status"
Y4RH2DP5,book,"The South African Herbal Pharmacopoeia. Monographs of Medicinal and Aromatic Plants (2023, Elsevier_ Academic Press)",2023,,,"identifier,abstractNote,tag:project,tag:year,tag:status"
